client_id,date,amount,payment_status
CL0001,2023-01-01,46279.11089580093,Paid
CL0001,2023-01-31,46279.11089580093,Missing
CL0001,2023-03-02,46279.11089580093,Paid
CL0001,2023-04-01,46279.11089580093,Paid
CL0001,2023-05-01,46279.11089580093,Paid
CL0001,2023-05-31,46279.11089580093,Paid
CL0001,2023-06-30,46279.11089580093,Paid
CL0001,2023-07-30,46279.11089580093,Missing
CL0001,2023-08-29,46279.11089580093,Paid
CL0001,2023-09-28,46279.11089580093,Paid
CL0001,2023-10-28,46279.11089580093,Paid
CL0001,2023-11-27,46279.11089580093,Paid
CL0001,2023-12-27,46279.11089580093,Missing
CL0001,2024-01-26,46279.11089580093,Paid
CL0001,2024-02-25,46279.11089580093,Paid
CL0001,2024-03-26,46279.11089580093,Paid
CL0001,2024-04-25,46279.11089580093,Paid
CL0001,2024-05-25,46279.11089580093,Paid
CL0001,2024-06-24,46279.11089580093,Paid
CL0001,2024-07-24,46279.11089580093,Missing
CL0001,2024-08-23,46279.11089580093,Paid
CL0001,2024-09-22,46279.11089580093,Paid
CL0001,2024-10-22,46279.11089580093,Paid
CL0001,2024-11-21,46279.11089580093,Paid
CL0001,2024-12-21,46279.11089580093,Paid
CL0001,2025-01-20,46279.11089580093,Missing
CL0001,2025-02-19,46279.11089580093,Paid
CL0001,2025-03-21,46279.11089580093,Paid
CL0001,2025-04-20,46279.11089580093,Paid
CL0001,2025-05-20,46279.11089580093,Paid
CL0001,2025-06-19,46279.11089580093,Paid
CL0001,2025-07-19,46279.11089580093,Paid
CL0001,2025-08-18,46279.11089580093,Missing
CL0001,2025-09-17,46279.11089580093,Paid
CL0001,2025-10-17,46279.11089580093,Paid
CL0001,2025-11-16,46279.11089580093,Paid
CL0002,2023-01-01,11156.838391353263,Paid
CL0002,2023-01-31,11156.838391353263,Paid
CL0002,2023-03-02,11156.838391353263,Paid
CL0002,2023-04-01,11156.838391353263,Paid
CL0002,2023-05-01,11156.838391353263,Paid
CL0002,2023-05-31,11156.838391353263,Paid
CL0002,2023-06-30,11156.838391353263,Paid
CL0002,2023-07-30,11156.838391353263,Paid
CL0002,2023-08-29,11156.838391353263,Paid
CL0002,2023-09-28,11156.838391353263,Paid
CL0002,2023-10-28,11156.838391353263,Paid
CL0002,2023-11-27,11156.838391353263,Paid
CL0002,2023-12-27,11156.838391353263,Paid
CL0002,2024-01-26,11156.838391353263,Paid
CL0002,2024-02-25,11156.838391353263,Paid
CL0002,2024-03-26,11156.838391353263,Paid
CL0002,2024-04-25,11156.838391353263,Missing
CL0002,2024-05-25,11156.838391353263,Paid
CL0002,2024-06-24,11156.838391353263,Missing
CL0002,2024-07-24,11156.838391353263,Paid
CL0002,2024-08-23,11156.838391353263,Paid
CL0002,2024-09-22,11156.838391353263,Paid
CL0002,2024-10-22,11156.838391353263,Paid
CL0002,2024-11-21,11156.838391353263,Paid
CL0002,2024-12-21,11156.838391353263,Paid
CL0002,2025-01-20,11156.838391353263,Paid
CL0002,2025-02-19,11156.838391353263,Paid
CL0002,2025-03-21,11156.838391353263,Missing
CL0002,2025-04-20,11156.838391353263,Paid
CL0002,2025-05-20,11156.838391353263,Paid
CL0002,2025-06-19,11156.838391353263,Paid
CL0002,2025-07-19,11156.838391353263,Paid
CL0002,2025-08-18,11156.838391353263,Paid
CL0002,2025-09-17,11156.838391353263,Missing
CL0002,2025-10-17,11156.838391353263,Paid
CL0002,2025-11-16,11156.838391353263,Paid
CL0003,2023-01-01,47760.68092193611,Paid
CL0003,2023-01-31,47760.68092193611,Missing
CL0003,2023-03-02,47760.68092193611,Paid
CL0003,2023-04-01,47760.68092193611,Paid
CL0003,2023-05-01,47760.68092193611,Paid
CL0003,2023-05-31,47760.68092193611,Paid
CL0003,2023-06-30,47760.68092193611,Paid
CL0003,2023-07-30,47760.68092193611,Paid
CL0003,2023-08-29,47760.68092193611,Paid
CL0003,2023-09-28,47760.68092193611,Paid
CL0003,2023-10-28,47760.68092193611,Paid
CL0003,2023-11-27,47760.68092193611,Paid
CL0003,2023-12-27,47760.68092193611,Paid
CL0003,2024-01-26,47760.68092193611,Paid
CL0003,2024-02-25,47760.68092193611,Paid
CL0003,2024-03-26,47760.68092193611,Paid
CL0003,2024-04-25,47760.68092193611,Paid
CL0003,2024-05-25,47760.68092193611,Missing
CL0003,2024-06-24,47760.68092193611,Paid
CL0003,2024-07-24,47760.68092193611,Paid
CL0003,2024-08-23,47760.68092193611,Paid
CL0003,2024-09-22,47760.68092193611,Paid
CL0003,2024-10-22,47760.68092193611,Paid
CL0003,2024-11-21,47760.68092193611,Paid
CL0003,2024-12-21,47760.68092193611,Paid
CL0003,2025-01-20,47760.68092193611,Paid
CL0003,2025-02-19,47760.68092193611,Paid
CL0003,2025-03-21,47760.68092193611,Paid
CL0003,2025-04-20,47760.68092193611,Paid
CL0003,2025-05-20,47760.68092193611,Paid
CL0003,2025-06-19,47760.68092193611,Paid
CL0003,2025-07-19,47760.68092193611,Paid
CL0003,2025-08-18,47760.68092193611,Paid
CL0003,2025-09-17,47760.68092193611,Paid
CL0003,2025-10-17,47760.68092193611,Paid
CL0003,2025-11-16,47760.68092193611,Paid
CL0004,2023-01-01,25070.25978310801,Paid
CL0004,2023-01-31,25070.25978310801,Paid
CL0004,2023-03-02,25070.25978310801,Missing
CL0004,2023-04-01,25070.25978310801,Missing
CL0004,2023-05-01,25070.25978310801,Paid
CL0004,2023-05-31,25070.25978310801,Paid
CL0004,2023-06-30,25070.25978310801,Paid
CL0004,2023-07-30,25070.25978310801,Paid
CL0004,2023-08-29,25070.25978310801,Paid
CL0004,2023-09-28,25070.25978310801,Paid
CL0004,2023-10-28,25070.25978310801,Paid
CL0004,2023-11-27,25070.25978310801,Paid
CL0004,2023-12-27,25070.25978310801,Missing
CL0004,2024-01-26,25070.25978310801,Paid
CL0004,2024-02-25,25070.25978310801,Missing
CL0004,2024-03-26,25070.25978310801,Paid
CL0004,2024-04-25,25070.25978310801,Paid
CL0004,2024-05-25,25070.25978310801,Missing
CL0004,2024-06-24,25070.25978310801,Paid
CL0004,2024-07-24,25070.25978310801,Paid
CL0004,2024-08-23,25070.25978310801,Paid
CL0004,2024-09-22,25070.25978310801,Paid
CL0004,2024-10-22,25070.25978310801,Missing
CL0004,2024-11-21,25070.25978310801,Paid
CL0004,2024-12-21,25070.25978310801,Paid
CL0004,2025-01-20,25070.25978310801,Paid
CL0004,2025-02-19,25070.25978310801,Paid
CL0004,2025-03-21,25070.25978310801,Paid
CL0004,2025-04-20,25070.25978310801,Paid
CL0004,2025-05-20,25070.25978310801,Paid
CL0004,2025-06-19,25070.25978310801,Paid
CL0004,2025-07-19,25070.25978310801,Paid
CL0004,2025-08-18,25070.25978310801,Paid
CL0004,2025-09-17,25070.25978310801,Paid
CL0004,2025-10-17,25070.25978310801,Paid
CL0004,2025-11-16,25070.25978310801,Paid
CL0005,2023-01-01,13330.981797737884,Paid
CL0005,2023-01-31,13330.981797737884,Paid
CL0005,2023-03-02,13330.981797737884,Paid
CL0005,2023-04-01,13330.981797737884,Missing
CL0005,2023-05-01,13330.981797737884,Paid
CL0005,2023-05-31,13330.981797737884,Paid
CL0005,2023-06-30,13330.981797737884,Missing
CL0005,2023-07-30,13330.981797737884,Missing
CL0005,2023-08-29,13330.981797737884,Paid
CL0005,2023-09-28,13330.981797737884,Paid
CL0005,2023-10-28,13330.981797737884,Paid
CL0005,2023-11-27,13330.981797737884,Paid
CL0005,2023-12-27,13330.981797737884,Paid
CL0005,2024-01-26,13330.981797737884,Paid
CL0005,2024-02-25,13330.981797737884,Paid
CL0005,2024-03-26,13330.981797737884,Paid
CL0005,2024-04-25,13330.981797737884,Paid
CL0005,2024-05-25,13330.981797737884,Paid
CL0005,2024-06-24,13330.981797737884,Paid
CL0005,2024-07-24,13330.981797737884,Paid
CL0005,2024-08-23,13330.981797737884,Paid
CL0005,2024-09-22,13330.981797737884,Paid
CL0005,2024-10-22,13330.981797737884,Paid
CL0005,2024-11-21,13330.981797737884,Paid
CL0005,2024-12-21,13330.981797737884,Paid
CL0005,2025-01-20,13330.981797737884,Paid
CL0005,2025-02-19,13330.981797737884,Paid
CL0005,2025-03-21,13330.981797737884,Paid
CL0005,2025-04-20,13330.981797737884,Paid
CL0005,2025-05-20,13330.981797737884,Paid
CL0005,2025-06-19,13330.981797737884,Paid
CL0005,2025-07-19,13330.981797737884,Paid
CL0005,2025-08-18,13330.981797737884,Missing
CL0005,2025-09-17,13330.981797737884,Missing
CL0005,2025-10-17,13330.981797737884,Paid
CL0005,2025-11-16,13330.981797737884,Paid
CL0006,2023-01-01,29385.54263202612,Paid
CL0006,2023-01-31,29385.54263202612,Paid
CL0006,2023-03-02,29385.54263202612,Paid
CL0006,2023-04-01,29385.54263202612,Paid
CL0006,2023-05-01,29385.54263202612,Paid
CL0006,2023-05-31,29385.54263202612,Paid
CL0006,2023-06-30,29385.54263202612,Paid
CL0006,2023-07-30,29385.54263202612,Paid
CL0006,2023-08-29,29385.54263202612,Paid
CL0006,2023-09-28,29385.54263202612,Paid
CL0006,2023-10-28,29385.54263202612,Paid
CL0006,2023-11-27,29385.54263202612,Paid
CL0006,2023-12-27,29385.54263202612,Missing
CL0006,2024-01-26,29385.54263202612,Paid
CL0006,2024-02-25,29385.54263202612,Paid
CL0006,2024-03-26,29385.54263202612,Missing
CL0006,2024-04-25,29385.54263202612,Paid
CL0006,2024-05-25,29385.54263202612,Paid
CL0006,2024-06-24,29385.54263202612,Missing
CL0006,2024-07-24,29385.54263202612,Paid
CL0006,2024-08-23,29385.54263202612,Paid
CL0006,2024-09-22,29385.54263202612,Paid
CL0006,2024-10-22,29385.54263202612,Paid
CL0006,2024-11-21,29385.54263202612,Paid
CL0006,2024-12-21,29385.54263202612,Missing
CL0006,2025-01-20,29385.54263202612,Paid
CL0006,2025-02-19,29385.54263202612,Paid
CL0006,2025-03-21,29385.54263202612,Paid
CL0006,2025-04-20,29385.54263202612,Paid
CL0006,2025-05-20,29385.54263202612,Paid
CL0006,2025-06-19,29385.54263202612,Paid
CL0006,2025-07-19,29385.54263202612,Paid
CL0006,2025-08-18,29385.54263202612,Paid
CL0006,2025-09-17,29385.54263202612,Paid
CL0006,2025-10-17,29385.54263202612,Paid
CL0006,2025-11-16,29385.54263202612,Paid
CL0007,2023-01-01,44282.56261443837,Paid
CL0007,2023-01-31,44282.56261443837,Paid
CL0007,2023-03-02,44282.56261443837,Paid
CL0007,2023-04-01,44282.56261443837,Paid
CL0007,2023-05-01,44282.56261443837,Paid
CL0007,2023-05-31,44282.56261443837,Paid
CL0007,2023-06-30,44282.56261443837,Paid
CL0007,2023-07-30,44282.56261443837,Paid
CL0007,2023-08-29,44282.56261443837,Paid
CL0007,2023-09-28,44282.56261443837,Missing
CL0007,2023-10-28,44282.56261443837,Paid
CL0007,2023-11-27,44282.56261443837,Paid
CL0007,2023-12-27,44282.56261443837,Paid
CL0007,2024-01-26,44282.56261443837,Paid
CL0007,2024-02-25,44282.56261443837,Paid
CL0007,2024-03-26,44282.56261443837,Paid
CL0007,2024-04-25,44282.56261443837,Missing
CL0007,2024-05-25,44282.56261443837,Paid
CL0007,2024-06-24,44282.56261443837,Paid
CL0007,2024-07-24,44282.56261443837,Paid
CL0007,2024-08-23,44282.56261443837,Paid
CL0007,2024-09-22,44282.56261443837,Paid
CL0007,2024-10-22,44282.56261443837,Missing
CL0007,2024-11-21,44282.56261443837,Paid
CL0007,2024-12-21,44282.56261443837,Paid
CL0007,2025-01-20,44282.56261443837,Paid
CL0007,2025-02-19,44282.56261443837,Paid
CL0007,2025-03-21,44282.56261443837,Paid
CL0007,2025-04-20,44282.56261443837,Paid
CL0007,2025-05-20,44282.56261443837,Paid
CL0007,2025-06-19,44282.56261443837,Paid
CL0007,2025-07-19,44282.56261443837,Paid
CL0007,2025-08-18,44282.56261443837,Paid
CL0007,2025-09-17,44282.56261443837,Paid
CL0007,2025-10-17,44282.56261443837,Paid
CL0007,2025-11-16,44282.56261443837,Paid
CL0008,2023-01-01,37950.11988843025,Paid
CL0008,2023-01-31,37950.11988843025,Paid
CL0008,2023-03-02,37950.11988843025,Paid
CL0008,2023-04-01,37950.11988843025,Paid
CL0008,2023-05-01,37950.11988843025,Paid
CL0008,2023-05-31,37950.11988843025,Paid
CL0008,2023-06-30,37950.11988843025,Paid
CL0008,2023-07-30,37950.11988843025,Paid
CL0008,2023-08-29,37950.11988843025,Paid
CL0008,2023-09-28,37950.11988843025,Paid
CL0008,2023-10-28,37950.11988843025,Paid
CL0008,2023-11-27,37950.11988843025,Paid
CL0008,2023-12-27,37950.11988843025,Paid
CL0008,2024-01-26,37950.11988843025,Paid
CL0008,2024-02-25,37950.11988843025,Paid
CL0008,2024-03-26,37950.11988843025,Paid
CL0008,2024-04-25,37950.11988843025,Missing
CL0008,2024-05-25,37950.11988843025,Paid
CL0008,2024-06-24,37950.11988843025,Missing
CL0008,2024-07-24,37950.11988843025,Paid
CL0008,2024-08-23,37950.11988843025,Paid
CL0008,2024-09-22,37950.11988843025,Paid
CL0008,2024-10-22,37950.11988843025,Paid
CL0008,2024-11-21,37950.11988843025,Paid
CL0008,2024-12-21,37950.11988843025,Paid
CL0008,2025-01-20,37950.11988843025,Paid
CL0008,2025-02-19,37950.11988843025,Paid
CL0008,2025-03-21,37950.11988843025,Missing
CL0008,2025-04-20,37950.11988843025,Paid
CL0008,2025-05-20,37950.11988843025,Paid
CL0008,2025-06-19,37950.11988843025,Paid
CL0008,2025-07-19,37950.11988843025,Paid
CL0008,2025-08-18,37950.11988843025,Paid
CL0008,2025-09-17,37950.11988843025,Paid
CL0008,2025-10-17,37950.11988843025,Paid
CL0008,2025-11-16,37950.11988843025,Paid
CL0009,2023-01-01,41295.25165376524,Paid
CL0009,2023-01-31,41295.25165376524,Paid
CL0009,2023-03-02,41295.25165376524,Paid
CL0009,2023-04-01,41295.25165376524,Paid
CL0009,2023-05-01,41295.25165376524,Paid
CL0009,2023-05-31,41295.25165376524,Paid
CL0009,2023-06-30,41295.25165376524,Paid
CL0009,2023-07-30,41295.25165376524,Paid
CL0009,2023-08-29,41295.25165376524,Paid
CL0009,2023-09-28,41295.25165376524,Paid
CL0009,2023-10-28,41295.25165376524,Paid
CL0009,2023-11-27,41295.25165376524,Paid
CL0009,2023-12-27,41295.25165376524,Missing
CL0009,2024-01-26,41295.25165376524,Paid
CL0009,2024-02-25,41295.25165376524,Missing
CL0009,2024-03-26,41295.25165376524,Paid
CL0009,2024-04-25,41295.25165376524,Paid
CL0009,2024-05-25,41295.25165376524,Paid
CL0009,2024-06-24,41295.25165376524,Paid
CL0009,2024-07-24,41295.25165376524,Paid
CL0009,2024-08-23,41295.25165376524,Paid
CL0009,2024-09-22,41295.25165376524,Paid
CL0009,2024-10-22,41295.25165376524,Paid
CL0009,2024-11-21,41295.25165376524,Missing
CL0009,2024-12-21,41295.25165376524,Paid
CL0009,2025-01-20,41295.25165376524,Paid
CL0009,2025-02-19,41295.25165376524,Paid
CL0009,2025-03-21,41295.25165376524,Paid
CL0009,2025-04-20,41295.25165376524,Paid
CL0009,2025-05-20,41295.25165376524,Missing
CL0009,2025-06-19,41295.25165376524,Paid
CL0009,2025-07-19,41295.25165376524,Paid
CL0009,2025-08-18,41295.25165376524,Paid
CL0009,2025-09-17,41295.25165376524,Paid
CL0009,2025-10-17,41295.25165376524,Paid
CL0009,2025-11-16,41295.25165376524,Paid
CL0010,2023-01-01,34645.25150198228,Paid
CL0010,2023-01-31,34645.25150198228,Paid
CL0010,2023-03-02,34645.25150198228,Missing
CL0010,2023-04-01,34645.25150198228,Paid
CL0010,2023-05-01,34645.25150198228,Paid
CL0010,2023-05-31,34645.25150198228,Paid
CL0010,2023-06-30,34645.25150198228,Paid
CL0010,2023-07-30,34645.25150198228,Missing
CL0010,2023-08-29,34645.25150198228,Paid
CL0010,2023-09-28,34645.25150198228,Paid
CL0010,2023-10-28,34645.25150198228,Paid
CL0010,2023-11-27,34645.25150198228,Missing
CL0010,2023-12-27,34645.25150198228,Paid
CL0010,2024-01-26,34645.25150198228,Paid
CL0010,2024-02-25,34645.25150198228,Paid
CL0010,2024-03-26,34645.25150198228,Paid
CL0010,2024-04-25,34645.25150198228,Paid
CL0010,2024-05-25,34645.25150198228,Paid
CL0010,2024-06-24,34645.25150198228,Paid
CL0010,2024-07-24,34645.25150198228,Paid
CL0010,2024-08-23,34645.25150198228,Paid
CL0010,2024-09-22,34645.25150198228,Paid
CL0010,2024-10-22,34645.25150198228,Paid
CL0010,2024-11-21,34645.25150198228,Paid
CL0010,2024-12-21,34645.25150198228,Paid
CL0010,2025-01-20,34645.25150198228,Paid
CL0010,2025-02-19,34645.25150198228,Missing
CL0010,2025-03-21,34645.25150198228,Missing
CL0010,2025-04-20,34645.25150198228,Paid
CL0010,2025-05-20,34645.25150198228,Paid
CL0010,2025-06-19,34645.25150198228,Missing
CL0010,2025-07-19,34645.25150198228,Paid
CL0010,2025-08-18,34645.25150198228,Paid
CL0010,2025-09-17,34645.25150198228,Paid
CL0010,2025-10-17,34645.25150198228,Paid
CL0010,2025-11-16,34645.25150198228,Missing
CL0011,2023-01-01,36152.44540330336,Paid
CL0011,2023-01-31,36152.44540330336,Paid
CL0011,2023-03-02,36152.44540330336,Paid
CL0011,2023-04-01,36152.44540330336,Paid
CL0011,2023-05-01,36152.44540330336,Paid
CL0011,2023-05-31,36152.44540330336,Paid
CL0011,2023-06-30,36152.44540330336,Paid
CL0011,2023-07-30,36152.44540330336,Paid
CL0011,2023-08-29,36152.44540330336,Paid
CL0011,2023-09-28,36152.44540330336,Paid
CL0011,2023-10-28,36152.44540330336,Missing
CL0011,2023-11-27,36152.44540330336,Paid
CL0011,2023-12-27,36152.44540330336,Paid
CL0011,2024-01-26,36152.44540330336,Paid
CL0011,2024-02-25,36152.44540330336,Paid
CL0011,2024-03-26,36152.44540330336,Paid
CL0011,2024-04-25,36152.44540330336,Paid
CL0011,2024-05-25,36152.44540330336,Paid
CL0011,2024-06-24,36152.44540330336,Paid
CL0011,2024-07-24,36152.44540330336,Paid
CL0011,2024-08-23,36152.44540330336,Missing
CL0011,2024-09-22,36152.44540330336,Paid
CL0011,2024-10-22,36152.44540330336,Paid
CL0011,2024-11-21,36152.44540330336,Paid
CL0011,2024-12-21,36152.44540330336,Paid
CL0011,2025-01-20,36152.44540330336,Paid
CL0011,2025-02-19,36152.44540330336,Paid
CL0011,2025-03-21,36152.44540330336,Paid
CL0011,2025-04-20,36152.44540330336,Paid
CL0011,2025-05-20,36152.44540330336,Paid
CL0011,2025-06-19,36152.44540330336,Missing
CL0011,2025-07-19,36152.44540330336,Missing
CL0011,2025-08-18,36152.44540330336,Paid
CL0011,2025-09-17,36152.44540330336,Missing
CL0011,2025-10-17,36152.44540330336,Paid
CL0011,2025-11-16,36152.44540330336,Paid
CL0012,2023-01-01,43213.80432043937,Paid
CL0012,2023-01-31,43213.80432043937,Paid
CL0012,2023-03-02,43213.80432043937,Paid
CL0012,2023-04-01,43213.80432043937,Paid
CL0012,2023-05-01,43213.80432043937,Missing
CL0012,2023-05-31,43213.80432043937,Paid
CL0012,2023-06-30,43213.80432043937,Paid
CL0012,2023-07-30,43213.80432043937,Paid
CL0012,2023-08-29,43213.80432043937,Paid
CL0012,2023-09-28,43213.80432043937,Paid
CL0012,2023-10-28,43213.80432043937,Missing
CL0012,2023-11-27,43213.80432043937,Paid
CL0012,2023-12-27,43213.80432043937,Paid
CL0012,2024-01-26,43213.80432043937,Paid
CL0012,2024-02-25,43213.80432043937,Missing
CL0012,2024-03-26,43213.80432043937,Paid
CL0012,2024-04-25,43213.80432043937,Paid
CL0012,2024-05-25,43213.80432043937,Paid
CL0012,2024-06-24,43213.80432043937,Paid
CL0012,2024-07-24,43213.80432043937,Missing
CL0012,2024-08-23,43213.80432043937,Paid
CL0012,2024-09-22,43213.80432043937,Paid
CL0012,2024-10-22,43213.80432043937,Paid
CL0012,2024-11-21,43213.80432043937,Paid
CL0012,2024-12-21,43213.80432043937,Missing
CL0012,2025-01-20,43213.80432043937,Paid
CL0012,2025-02-19,43213.80432043937,Paid
CL0012,2025-03-21,43213.80432043937,Paid
CL0012,2025-04-20,43213.80432043937,Paid
CL0012,2025-05-20,43213.80432043937,Paid
CL0012,2025-06-19,43213.80432043937,Paid
CL0012,2025-07-19,43213.80432043937,Paid
CL0012,2025-08-18,43213.80432043937,Paid
CL0012,2025-09-17,43213.80432043937,Paid
CL0012,2025-10-17,43213.80432043937,Paid
CL0012,2025-11-16,43213.80432043937,Paid
CL0013,2023-01-01,16235.060398663369,Missing
CL0013,2023-01-31,16235.060398663369,Paid
CL0013,2023-03-02,16235.060398663369,Paid
CL0013,2023-04-01,16235.060398663369,Paid
CL0013,2023-05-01,16235.060398663369,Paid
CL0013,2023-05-31,16235.060398663369,Paid
CL0013,2023-06-30,16235.060398663369,Paid
CL0013,2023-07-30,16235.060398663369,Paid
CL0013,2023-08-29,16235.060398663369,Paid
CL0013,2023-09-28,16235.060398663369,Paid
CL0013,2023-10-28,16235.060398663369,Paid
CL0013,2023-11-27,16235.060398663369,Paid
CL0013,2023-12-27,16235.060398663369,Paid
CL0013,2024-01-26,16235.060398663369,Paid
CL0013,2024-02-25,16235.060398663369,Paid
CL0013,2024-03-26,16235.060398663369,Paid
CL0013,2024-04-25,16235.060398663369,Paid
CL0013,2024-05-25,16235.060398663369,Paid
CL0013,2024-06-24,16235.060398663369,Missing
CL0013,2024-07-24,16235.060398663369,Paid
CL0013,2024-08-23,16235.060398663369,Paid
CL0013,2024-09-22,16235.060398663369,Paid
CL0013,2024-10-22,16235.060398663369,Missing
CL0013,2024-11-21,16235.060398663369,Paid
CL0013,2024-12-21,16235.060398663369,Paid
CL0013,2025-01-20,16235.060398663369,Missing
CL0013,2025-02-19,16235.060398663369,Paid
CL0013,2025-03-21,16235.060398663369,Paid
CL0013,2025-04-20,16235.060398663369,Missing
CL0013,2025-05-20,16235.060398663369,Paid
CL0013,2025-06-19,16235.060398663369,Paid
CL0013,2025-07-19,16235.060398663369,Paid
CL0013,2025-08-18,16235.060398663369,Paid
CL0013,2025-09-17,16235.060398663369,Paid
CL0013,2025-10-17,16235.060398663369,Paid
CL0013,2025-11-16,16235.060398663369,Missing
CL0014,2023-01-01,27024.12336394132,Paid
CL0014,2023-01-31,27024.12336394132,Paid
CL0014,2023-03-02,27024.12336394132,Paid
CL0014,2023-04-01,27024.12336394132,Paid
CL0014,2023-05-01,27024.12336394132,Paid
CL0014,2023-05-31,27024.12336394132,Missing
CL0014,2023-06-30,27024.12336394132,Paid
CL0014,2023-07-30,27024.12336394132,Paid
CL0014,2023-08-29,27024.12336394132,Paid
CL0014,2023-09-28,27024.12336394132,Paid
CL0014,2023-10-28,27024.12336394132,Paid
CL0014,2023-11-27,27024.12336394132,Paid
CL0014,2023-12-27,27024.12336394132,Paid
CL0014,2024-01-26,27024.12336394132,Paid
CL0014,2024-02-25,27024.12336394132,Paid
CL0014,2024-03-26,27024.12336394132,Paid
CL0014,2024-04-25,27024.12336394132,Paid
CL0014,2024-05-25,27024.12336394132,Paid
CL0014,2024-06-24,27024.12336394132,Paid
CL0014,2024-07-24,27024.12336394132,Paid
CL0014,2024-08-23,27024.12336394132,Paid
CL0014,2024-09-22,27024.12336394132,Paid
CL0014,2024-10-22,27024.12336394132,Paid
CL0014,2024-11-21,27024.12336394132,Missing
CL0014,2024-12-21,27024.12336394132,Paid
CL0014,2025-01-20,27024.12336394132,Paid
CL0014,2025-02-19,27024.12336394132,Paid
CL0014,2025-03-21,27024.12336394132,Paid
CL0014,2025-04-20,27024.12336394132,Paid
CL0014,2025-05-20,27024.12336394132,Paid
CL0014,2025-06-19,27024.12336394132,Paid
CL0014,2025-07-19,27024.12336394132,Paid
CL0014,2025-08-18,27024.12336394132,Paid
CL0014,2025-09-17,27024.12336394132,Paid
CL0014,2025-10-17,27024.12336394132,Paid
CL0014,2025-11-16,27024.12336394132,Paid
CL0015,2023-01-01,14954.4248818821,Paid
CL0015,2023-01-31,14954.4248818821,Paid
CL0015,2023-03-02,14954.4248818821,Paid
CL0015,2023-04-01,14954.4248818821,Paid
CL0015,2023-05-01,14954.4248818821,Missing
CL0015,2023-05-31,14954.4248818821,Paid
CL0015,2023-06-30,14954.4248818821,Missing
CL0015,2023-07-30,14954.4248818821,Paid
CL0015,2023-08-29,14954.4248818821,Paid
CL0015,2023-09-28,14954.4248818821,Paid
CL0015,2023-10-28,14954.4248818821,Paid
CL0015,2023-11-27,14954.4248818821,Missing
CL0015,2023-12-27,14954.4248818821,Missing
CL0015,2024-01-26,14954.4248818821,Paid
CL0015,2024-02-25,14954.4248818821,Paid
CL0015,2024-03-26,14954.4248818821,Paid
CL0015,2024-04-25,14954.4248818821,Paid
CL0015,2024-05-25,14954.4248818821,Missing
CL0015,2024-06-24,14954.4248818821,Paid
CL0015,2024-07-24,14954.4248818821,Paid
CL0015,2024-08-23,14954.4248818821,Paid
CL0015,2024-09-22,14954.4248818821,Paid
CL0015,2024-10-22,14954.4248818821,Missing
CL0015,2024-11-21,14954.4248818821,Paid
CL0015,2024-12-21,14954.4248818821,Paid
CL0015,2025-01-20,14954.4248818821,Paid
CL0015,2025-02-19,14954.4248818821,Paid
CL0015,2025-03-21,14954.4248818821,Paid
CL0015,2025-04-20,14954.4248818821,Paid
CL0015,2025-05-20,14954.4248818821,Paid
CL0015,2025-06-19,14954.4248818821,Paid
CL0015,2025-07-19,14954.4248818821,Paid
CL0015,2025-08-18,14954.4248818821,Paid
CL0015,2025-09-17,14954.4248818821,Paid
CL0015,2025-10-17,14954.4248818821,Paid
CL0015,2025-11-16,14954.4248818821,Paid
CL0016,2023-01-01,49445.06035984912,Paid
CL0016,2023-01-31,49445.06035984912,Paid
CL0016,2023-03-02,49445.06035984912,Paid
CL0016,2023-04-01,49445.06035984912,Paid
CL0016,2023-05-01,49445.06035984912,Missing
CL0016,2023-05-31,49445.06035984912,Paid
CL0016,2023-06-30,49445.06035984912,Missing
CL0016,2023-07-30,49445.06035984912,Paid
CL0016,2023-08-29,49445.06035984912,Paid
CL0016,2023-09-28,49445.06035984912,Paid
CL0016,2023-10-28,49445.06035984912,Paid
CL0016,2023-11-27,49445.06035984912,Paid
CL0016,2023-12-27,49445.06035984912,Paid
CL0016,2024-01-26,49445.06035984912,Paid
CL0016,2024-02-25,49445.06035984912,Paid
CL0016,2024-03-26,49445.06035984912,Paid
CL0016,2024-04-25,49445.06035984912,Missing
CL0016,2024-05-25,49445.06035984912,Paid
CL0016,2024-06-24,49445.06035984912,Missing
CL0016,2024-07-24,49445.06035984912,Paid
CL0016,2024-08-23,49445.06035984912,Paid
CL0016,2024-09-22,49445.06035984912,Paid
CL0016,2024-10-22,49445.06035984912,Paid
CL0016,2024-11-21,49445.06035984912,Paid
CL0016,2024-12-21,49445.06035984912,Missing
CL0016,2025-01-20,49445.06035984912,Paid
CL0016,2025-02-19,49445.06035984912,Paid
CL0016,2025-03-21,49445.06035984912,Paid
CL0016,2025-04-20,49445.06035984912,Paid
CL0016,2025-05-20,49445.06035984912,Paid
CL0016,2025-06-19,49445.06035984912,Paid
CL0016,2025-07-19,49445.06035984912,Paid
CL0016,2025-08-18,49445.06035984912,Paid
CL0016,2025-09-17,49445.06035984912,Paid
CL0016,2025-10-17,49445.06035984912,Paid
CL0016,2025-11-16,49445.06035984912,Paid
CL0017,2023-01-01,47482.6702858976,Paid
CL0017,2023-01-31,47482.6702858976,Paid
CL0017,2023-03-02,47482.6702858976,Missing
CL0017,2023-04-01,47482.6702858976,Paid
CL0017,2023-05-01,47482.6702858976,Paid
CL0017,2023-05-31,47482.6702858976,Paid
CL0017,2023-06-30,47482.6702858976,Paid
CL0017,2023-07-30,47482.6702858976,Missing
CL0017,2023-08-29,47482.6702858976,Paid
CL0017,2023-09-28,47482.6702858976,Paid
CL0017,2023-10-28,47482.6702858976,Paid
CL0017,2023-11-27,47482.6702858976,Paid
CL0017,2023-12-27,47482.6702858976,Missing
CL0017,2024-01-26,47482.6702858976,Paid
CL0017,2024-02-25,47482.6702858976,Missing
CL0017,2024-03-26,47482.6702858976,Paid
CL0017,2024-04-25,47482.6702858976,Paid
CL0017,2024-05-25,47482.6702858976,Paid
CL0017,2024-06-24,47482.6702858976,Paid
CL0017,2024-07-24,47482.6702858976,Paid
CL0017,2024-08-23,47482.6702858976,Paid
CL0017,2024-09-22,47482.6702858976,Paid
CL0017,2024-10-22,47482.6702858976,Paid
CL0017,2024-11-21,47482.6702858976,Paid
CL0017,2024-12-21,47482.6702858976,Missing
CL0017,2025-01-20,47482.6702858976,Paid
CL0017,2025-02-19,47482.6702858976,Paid
CL0017,2025-03-21,47482.6702858976,Paid
CL0017,2025-04-20,47482.6702858976,Paid
CL0017,2025-05-20,47482.6702858976,Paid
CL0017,2025-06-19,47482.6702858976,Missing
CL0017,2025-07-19,47482.6702858976,Paid
CL0017,2025-08-18,47482.6702858976,Paid
CL0017,2025-09-17,47482.6702858976,Paid
CL0017,2025-10-17,47482.6702858976,Missing
CL0017,2025-11-16,47482.6702858976,Paid
CL0018,2023-01-01,6774.206511582765,Paid
CL0018,2023-01-31,6774.206511582765,Paid
CL0018,2023-03-02,6774.206511582765,Missing
CL0018,2023-04-01,6774.206511582765,Paid
CL0018,2023-05-01,6774.206511582765,Paid
CL0018,2023-05-31,6774.206511582765,Paid
CL0018,2023-06-30,6774.206511582765,Paid
CL0018,2023-07-30,6774.206511582765,Paid
CL0018,2023-08-29,6774.206511582765,Paid
CL0018,2023-09-28,6774.206511582765,Paid
CL0018,2023-10-28,6774.206511582765,Paid
CL0018,2023-11-27,6774.206511582765,Paid
CL0018,2023-12-27,6774.206511582765,Paid
CL0018,2024-01-26,6774.206511582765,Paid
CL0018,2024-02-25,6774.206511582765,Paid
CL0018,2024-03-26,6774.206511582765,Paid
CL0018,2024-04-25,6774.206511582765,Paid
CL0018,2024-05-25,6774.206511582765,Paid
CL0018,2024-06-24,6774.206511582765,Paid
CL0018,2024-07-24,6774.206511582765,Paid
CL0018,2024-08-23,6774.206511582765,Paid
CL0018,2024-09-22,6774.206511582765,Paid
CL0018,2024-10-22,6774.206511582765,Paid
CL0018,2024-11-21,6774.206511582765,Paid
CL0018,2024-12-21,6774.206511582765,Paid
CL0018,2025-01-20,6774.206511582765,Paid
CL0018,2025-02-19,6774.206511582765,Paid
CL0018,2025-03-21,6774.206511582765,Paid
CL0018,2025-04-20,6774.206511582765,Paid
CL0018,2025-05-20,6774.206511582765,Paid
CL0018,2025-06-19,6774.206511582765,Paid
CL0018,2025-07-19,6774.206511582765,Paid
CL0018,2025-08-18,6774.206511582765,Paid
CL0018,2025-09-17,6774.206511582765,Paid
CL0018,2025-10-17,6774.206511582765,Paid
CL0018,2025-11-16,6774.206511582765,Paid
CL0019,2023-01-01,36750.882763205984,Missing
CL0019,2023-01-31,36750.882763205984,Paid
CL0019,2023-03-02,36750.882763205984,Paid
CL0019,2023-04-01,36750.882763205984,Paid
CL0019,2023-05-01,36750.882763205984,Paid
CL0019,2023-05-31,36750.882763205984,Paid
CL0019,2023-06-30,36750.882763205984,Paid
CL0019,2023-07-30,36750.882763205984,Paid
CL0019,2023-08-29,36750.882763205984,Paid
CL0019,2023-09-28,36750.882763205984,Paid
CL0019,2023-10-28,36750.882763205984,Paid
CL0019,2023-11-27,36750.882763205984,Paid
CL0019,2023-12-27,36750.882763205984,Paid
CL0019,2024-01-26,36750.882763205984,Paid
CL0019,2024-02-25,36750.882763205984,Paid
CL0019,2024-03-26,36750.882763205984,Paid
CL0019,2024-04-25,36750.882763205984,Paid
CL0019,2024-05-25,36750.882763205984,Paid
CL0019,2024-06-24,36750.882763205984,Paid
CL0019,2024-07-24,36750.882763205984,Paid
CL0019,2024-08-23,36750.882763205984,Paid
CL0019,2024-09-22,36750.882763205984,Paid
CL0019,2024-10-22,36750.882763205984,Paid
CL0019,2024-11-21,36750.882763205984,Missing
CL0019,2024-12-21,36750.882763205984,Paid
CL0019,2025-01-20,36750.882763205984,Paid
CL0019,2025-02-19,36750.882763205984,Paid
CL0019,2025-03-21,36750.882763205984,Missing
CL0019,2025-04-20,36750.882763205984,Paid
CL0019,2025-05-20,36750.882763205984,Missing
CL0019,2025-06-19,36750.882763205984,Paid
CL0019,2025-07-19,36750.882763205984,Paid
CL0019,2025-08-18,36750.882763205984,Paid
CL0019,2025-09-17,36750.882763205984,Missing
CL0019,2025-10-17,36750.882763205984,Paid
CL0019,2025-11-16,36750.882763205984,Paid
CL0020,2023-01-01,46636.17428370496,Paid
CL0020,2023-01-31,46636.17428370496,Paid
CL0020,2023-03-02,46636.17428370496,Paid
CL0020,2023-04-01,46636.17428370496,Paid
CL0020,2023-05-01,46636.17428370496,Paid
CL0020,2023-05-31,46636.17428370496,Paid
CL0020,2023-06-30,46636.17428370496,Paid
CL0020,2023-07-30,46636.17428370496,Paid
CL0020,2023-08-29,46636.17428370496,Paid
CL0020,2023-09-28,46636.17428370496,Missing
CL0020,2023-10-28,46636.17428370496,Missing
CL0020,2023-11-27,46636.17428370496,Paid
CL0020,2023-12-27,46636.17428370496,Paid
CL0020,2024-01-26,46636.17428370496,Paid
CL0020,2024-02-25,46636.17428370496,Paid
CL0020,2024-03-26,46636.17428370496,Paid
CL0020,2024-04-25,46636.17428370496,Paid
CL0020,2024-05-25,46636.17428370496,Paid
CL0020,2024-06-24,46636.17428370496,Missing
CL0020,2024-07-24,46636.17428370496,Paid
CL0020,2024-08-23,46636.17428370496,Paid
CL0020,2024-09-22,46636.17428370496,Missing
CL0020,2024-10-22,46636.17428370496,Paid
CL0020,2024-11-21,46636.17428370496,Paid
CL0020,2024-12-21,46636.17428370496,Paid
CL0020,2025-01-20,46636.17428370496,Paid
CL0020,2025-02-19,46636.17428370496,Paid
CL0020,2025-03-21,46636.17428370496,Paid
CL0020,2025-04-20,46636.17428370496,Missing
CL0020,2025-05-20,46636.17428370496,Paid
CL0020,2025-06-19,46636.17428370496,Paid
CL0020,2025-07-19,46636.17428370496,Paid
CL0020,2025-08-18,46636.17428370496,Missing
CL0020,2025-09-17,46636.17428370496,Paid
CL0020,2025-10-17,46636.17428370496,Paid
CL0020,2025-11-16,46636.17428370496,Paid
CL0021,2023-01-01,13125.890530730008,Paid
CL0021,2023-01-31,13125.890530730008,Paid
CL0021,2023-03-02,13125.890530730008,Paid
CL0021,2023-04-01,13125.890530730008,Paid
CL0021,2023-05-01,13125.890530730008,Paid
CL0021,2023-05-31,13125.890530730008,Paid
CL0021,2023-06-30,13125.890530730008,Paid
CL0021,2023-07-30,13125.890530730008,Paid
CL0021,2023-08-29,13125.890530730008,Paid
CL0021,2023-09-28,13125.890530730008,Paid
CL0021,2023-10-28,13125.890530730008,Paid
CL0021,2023-11-27,13125.890530730008,Paid
CL0021,2023-12-27,13125.890530730008,Paid
CL0021,2024-01-26,13125.890530730008,Paid
CL0021,2024-02-25,13125.890530730008,Paid
CL0021,2024-03-26,13125.890530730008,Paid
CL0021,2024-04-25,13125.890530730008,Paid
CL0021,2024-05-25,13125.890530730008,Paid
CL0021,2024-06-24,13125.890530730008,Paid
CL0021,2024-07-24,13125.890530730008,Paid
CL0021,2024-08-23,13125.890530730008,Paid
CL0021,2024-09-22,13125.890530730008,Paid
CL0021,2024-10-22,13125.890530730008,Missing
CL0021,2024-11-21,13125.890530730008,Paid
CL0021,2024-12-21,13125.890530730008,Paid
CL0021,2025-01-20,13125.890530730008,Paid
CL0021,2025-02-19,13125.890530730008,Paid
CL0021,2025-03-21,13125.890530730008,Paid
CL0021,2025-04-20,13125.890530730008,Paid
CL0021,2025-05-20,13125.890530730008,Paid
CL0021,2025-06-19,13125.890530730008,Paid
CL0021,2025-07-19,13125.890530730008,Paid
CL0021,2025-08-18,13125.890530730008,Paid
CL0021,2025-09-17,13125.890530730008,Paid
CL0021,2025-10-17,13125.890530730008,Paid
CL0021,2025-11-16,13125.890530730008,Paid
CL0022,2023-01-01,30557.535374868326,Paid
CL0022,2023-01-31,30557.535374868326,Paid
CL0022,2023-03-02,30557.535374868326,Paid
CL0022,2023-04-01,30557.535374868326,Paid
CL0022,2023-05-01,30557.535374868326,Paid
CL0022,2023-05-31,30557.535374868326,Paid
CL0022,2023-06-30,30557.535374868326,Paid
CL0022,2023-07-30,30557.535374868326,Missing
CL0022,2023-08-29,30557.535374868326,Paid
CL0022,2023-09-28,30557.535374868326,Paid
CL0022,2023-10-28,30557.535374868326,Paid
CL0022,2023-11-27,30557.535374868326,Paid
CL0022,2023-12-27,30557.535374868326,Paid
CL0022,2024-01-26,30557.535374868326,Paid
CL0022,2024-02-25,30557.535374868326,Paid
CL0022,2024-03-26,30557.535374868326,Paid
CL0022,2024-04-25,30557.535374868326,Paid
CL0022,2024-05-25,30557.535374868326,Paid
CL0022,2024-06-24,30557.535374868326,Paid
CL0022,2024-07-24,30557.535374868326,Paid
CL0022,2024-08-23,30557.535374868326,Paid
CL0022,2024-09-22,30557.535374868326,Paid
CL0022,2024-10-22,30557.535374868326,Paid
CL0022,2024-11-21,30557.535374868326,Paid
CL0022,2024-12-21,30557.535374868326,Missing
CL0022,2025-01-20,30557.535374868326,Missing
CL0022,2025-02-19,30557.535374868326,Paid
CL0022,2025-03-21,30557.535374868326,Missing
CL0022,2025-04-20,30557.535374868326,Paid
CL0022,2025-05-20,30557.535374868326,Paid
CL0022,2025-06-19,30557.535374868326,Paid
CL0022,2025-07-19,30557.535374868326,Paid
CL0022,2025-08-18,30557.535374868326,Paid
CL0022,2025-09-17,30557.535374868326,Paid
CL0022,2025-10-17,30557.535374868326,Paid
CL0022,2025-11-16,30557.535374868326,Paid
CL0023,2023-01-01,46196.973391461885,Paid
CL0023,2023-01-31,46196.973391461885,Paid
CL0023,2023-03-02,46196.973391461885,Paid
CL0023,2023-04-01,46196.973391461885,Paid
CL0023,2023-05-01,46196.973391461885,Missing
CL0023,2023-05-31,46196.973391461885,Paid
CL0023,2023-06-30,46196.973391461885,Paid
CL0023,2023-07-30,46196.973391461885,Paid
CL0023,2023-08-29,46196.973391461885,Paid
CL0023,2023-09-28,46196.973391461885,Paid
CL0023,2023-10-28,46196.973391461885,Missing
CL0023,2023-11-27,46196.973391461885,Paid
CL0023,2023-12-27,46196.973391461885,Missing
CL0023,2024-01-26,46196.973391461885,Paid
CL0023,2024-02-25,46196.973391461885,Paid
CL0023,2024-03-26,46196.973391461885,Paid
CL0023,2024-04-25,46196.973391461885,Paid
CL0023,2024-05-25,46196.973391461885,Missing
CL0023,2024-06-24,46196.973391461885,Paid
CL0023,2024-07-24,46196.973391461885,Missing
CL0023,2024-08-23,46196.973391461885,Paid
CL0023,2024-09-22,46196.973391461885,Paid
CL0023,2024-10-22,46196.973391461885,Paid
CL0023,2024-11-21,46196.973391461885,Paid
CL0023,2024-12-21,46196.973391461885,Missing
CL0023,2025-01-20,46196.973391461885,Paid
CL0023,2025-02-19,46196.973391461885,Paid
CL0023,2025-03-21,46196.973391461885,Paid
CL0023,2025-04-20,46196.973391461885,Paid
CL0023,2025-05-20,46196.973391461885,Paid
CL0023,2025-06-19,46196.973391461885,Paid
CL0023,2025-07-19,46196.973391461885,Paid
CL0023,2025-08-18,46196.973391461885,Paid
CL0023,2025-09-17,46196.973391461885,Paid
CL0023,2025-10-17,46196.973391461885,Paid
CL0023,2025-11-16,46196.973391461885,Paid
CL0024,2023-01-01,6527.569036360948,Paid
CL0024,2023-01-31,6527.569036360948,Paid
CL0024,2023-03-02,6527.569036360948,Paid
CL0024,2023-04-01,6527.569036360948,Paid
CL0024,2023-05-01,6527.569036360948,Missing
CL0024,2023-05-31,6527.569036360948,Paid
CL0024,2023-06-30,6527.569036360948,Paid
CL0024,2023-07-30,6527.569036360948,Paid
CL0024,2023-08-29,6527.569036360948,Paid
CL0024,2023-09-28,6527.569036360948,Paid
CL0024,2023-10-28,6527.569036360948,Paid
CL0024,2023-11-27,6527.569036360948,Missing
CL0024,2023-12-27,6527.569036360948,Paid
CL0024,2024-01-26,6527.569036360948,Paid
CL0024,2024-02-25,6527.569036360948,Paid
CL0024,2024-03-26,6527.569036360948,Paid
CL0024,2024-04-25,6527.569036360948,Paid
CL0024,2024-05-25,6527.569036360948,Paid
CL0024,2024-06-24,6527.569036360948,Paid
CL0024,2024-07-24,6527.569036360948,Paid
CL0024,2024-08-23,6527.569036360948,Paid
CL0024,2024-09-22,6527.569036360948,Paid
CL0024,2024-10-22,6527.569036360948,Paid
CL0024,2024-11-21,6527.569036360948,Missing
CL0024,2024-12-21,6527.569036360948,Paid
CL0024,2025-01-20,6527.569036360948,Paid
CL0024,2025-02-19,6527.569036360948,Paid
CL0024,2025-03-21,6527.569036360948,Missing
CL0024,2025-04-20,6527.569036360948,Paid
CL0024,2025-05-20,6527.569036360948,Paid
CL0024,2025-06-19,6527.569036360948,Paid
CL0024,2025-07-19,6527.569036360948,Paid
CL0024,2025-08-18,6527.569036360948,Paid
CL0024,2025-09-17,6527.569036360948,Paid
CL0024,2025-10-17,6527.569036360948,Paid
CL0024,2025-11-16,6527.569036360948,Paid
CL0025,2023-01-01,36383.91202610779,Paid
CL0025,2023-01-31,36383.91202610779,Paid
CL0025,2023-03-02,36383.91202610779,Paid
CL0025,2023-04-01,36383.91202610779,Paid
CL0025,2023-05-01,36383.91202610779,Paid
CL0025,2023-05-31,36383.91202610779,Paid
CL0025,2023-06-30,36383.91202610779,Paid
CL0025,2023-07-30,36383.91202610779,Paid
CL0025,2023-08-29,36383.91202610779,Paid
CL0025,2023-09-28,36383.91202610779,Paid
CL0025,2023-10-28,36383.91202610779,Paid
CL0025,2023-11-27,36383.91202610779,Paid
CL0025,2023-12-27,36383.91202610779,Paid
CL0025,2024-01-26,36383.91202610779,Paid
CL0025,2024-02-25,36383.91202610779,Paid
CL0025,2024-03-26,36383.91202610779,Paid
CL0025,2024-04-25,36383.91202610779,Paid
CL0025,2024-05-25,36383.91202610779,Paid
CL0025,2024-06-24,36383.91202610779,Paid
CL0025,2024-07-24,36383.91202610779,Paid
CL0025,2024-08-23,36383.91202610779,Paid
CL0025,2024-09-22,36383.91202610779,Paid
CL0025,2024-10-22,36383.91202610779,Paid
CL0025,2024-11-21,36383.91202610779,Paid
CL0025,2024-12-21,36383.91202610779,Paid
CL0025,2025-01-20,36383.91202610779,Paid
CL0025,2025-02-19,36383.91202610779,Paid
CL0025,2025-03-21,36383.91202610779,Paid
CL0025,2025-04-20,36383.91202610779,Paid
CL0025,2025-05-20,36383.91202610779,Paid
CL0025,2025-06-19,36383.91202610779,Paid
CL0025,2025-07-19,36383.91202610779,Paid
CL0025,2025-08-18,36383.91202610779,Paid
CL0025,2025-09-17,36383.91202610779,Paid
CL0025,2025-10-17,36383.91202610779,Paid
CL0025,2025-11-16,36383.91202610779,Paid
CL0026,2023-01-01,18380.705331764784,Paid
CL0026,2023-01-31,18380.705331764784,Paid
CL0026,2023-03-02,18380.705331764784,Paid
CL0026,2023-04-01,18380.705331764784,Paid
CL0026,2023-05-01,18380.705331764784,Paid
CL0026,2023-05-31,18380.705331764784,Paid
CL0026,2023-06-30,18380.705331764784,Paid
CL0026,2023-07-30,18380.705331764784,Paid
CL0026,2023-08-29,18380.705331764784,Missing
CL0026,2023-09-28,18380.705331764784,Paid
CL0026,2023-10-28,18380.705331764784,Paid
CL0026,2023-11-27,18380.705331764784,Paid
CL0026,2023-12-27,18380.705331764784,Paid
CL0026,2024-01-26,18380.705331764784,Paid
CL0026,2024-02-25,18380.705331764784,Paid
CL0026,2024-03-26,18380.705331764784,Paid
CL0026,2024-04-25,18380.705331764784,Paid
CL0026,2024-05-25,18380.705331764784,Paid
CL0026,2024-06-24,18380.705331764784,Paid
CL0026,2024-07-24,18380.705331764784,Missing
CL0026,2024-08-23,18380.705331764784,Paid
CL0026,2024-09-22,18380.705331764784,Paid
CL0026,2024-10-22,18380.705331764784,Paid
CL0026,2024-11-21,18380.705331764784,Paid
CL0026,2024-12-21,18380.705331764784,Paid
CL0026,2025-01-20,18380.705331764784,Paid
CL0026,2025-02-19,18380.705331764784,Paid
CL0026,2025-03-21,18380.705331764784,Missing
CL0026,2025-04-20,18380.705331764784,Paid
CL0026,2025-05-20,18380.705331764784,Paid
CL0026,2025-06-19,18380.705331764784,Missing
CL0026,2025-07-19,18380.705331764784,Paid
CL0026,2025-08-18,18380.705331764784,Paid
CL0026,2025-09-17,18380.705331764784,Paid
CL0026,2025-10-17,18380.705331764784,Paid
CL0026,2025-11-16,18380.705331764784,Paid
CL0027,2023-01-01,46597.828791943866,Paid
CL0027,2023-01-31,46597.828791943866,Paid
CL0027,2023-03-02,46597.828791943866,Paid
CL0027,2023-04-01,46597.828791943866,Paid
CL0027,2023-05-01,46597.828791943866,Paid
CL0027,2023-05-31,46597.828791943866,Paid
CL0027,2023-06-30,46597.828791943866,Paid
CL0027,2023-07-30,46597.828791943866,Paid
CL0027,2023-08-29,46597.828791943866,Paid
CL0027,2023-09-28,46597.828791943866,Paid
CL0027,2023-10-28,46597.828791943866,Paid
CL0027,2023-11-27,46597.828791943866,Missing
CL0027,2023-12-27,46597.828791943866,Paid
CL0027,2024-01-26,46597.828791943866,Paid
CL0027,2024-02-25,46597.828791943866,Paid
CL0027,2024-03-26,46597.828791943866,Paid
CL0027,2024-04-25,46597.828791943866,Paid
CL0027,2024-05-25,46597.828791943866,Paid
CL0027,2024-06-24,46597.828791943866,Paid
CL0027,2024-07-24,46597.828791943866,Missing
CL0027,2024-08-23,46597.828791943866,Missing
CL0027,2024-09-22,46597.828791943866,Paid
CL0027,2024-10-22,46597.828791943866,Paid
CL0027,2024-11-21,46597.828791943866,Paid
CL0027,2024-12-21,46597.828791943866,Paid
CL0027,2025-01-20,46597.828791943866,Missing
CL0027,2025-02-19,46597.828791943866,Paid
CL0027,2025-03-21,46597.828791943866,Paid
CL0027,2025-04-20,46597.828791943866,Missing
CL0027,2025-05-20,46597.828791943866,Paid
CL0027,2025-06-19,46597.828791943866,Missing
CL0027,2025-07-19,46597.828791943866,Paid
CL0027,2025-08-18,46597.828791943866,Paid
CL0027,2025-09-17,46597.828791943866,Paid
CL0027,2025-10-17,46597.828791943866,Paid
CL0027,2025-11-16,46597.828791943866,Paid
CL0028,2023-01-01,48697.62103244155,Paid
CL0028,2023-01-31,48697.62103244155,Paid
CL0028,2023-03-02,48697.62103244155,Paid
CL0028,2023-04-01,48697.62103244155,Paid
CL0028,2023-05-01,48697.62103244155,Paid
CL0028,2023-05-31,48697.62103244155,Paid
CL0028,2023-06-30,48697.62103244155,Paid
CL0028,2023-07-30,48697.62103244155,Paid
CL0028,2023-08-29,48697.62103244155,Paid
CL0028,2023-09-28,48697.62103244155,Missing
CL0028,2023-10-28,48697.62103244155,Missing
CL0028,2023-11-27,48697.62103244155,Paid
CL0028,2023-12-27,48697.62103244155,Paid
CL0028,2024-01-26,48697.62103244155,Paid
CL0028,2024-02-25,48697.62103244155,Paid
CL0028,2024-03-26,48697.62103244155,Paid
CL0028,2024-04-25,48697.62103244155,Missing
CL0028,2024-05-25,48697.62103244155,Paid
CL0028,2024-06-24,48697.62103244155,Paid
CL0028,2024-07-24,48697.62103244155,Paid
CL0028,2024-08-23,48697.62103244155,Paid
CL0028,2024-09-22,48697.62103244155,Paid
CL0028,2024-10-22,48697.62103244155,Paid
CL0028,2024-11-21,48697.62103244155,Paid
CL0028,2024-12-21,48697.62103244155,Paid
CL0028,2025-01-20,48697.62103244155,Paid
CL0028,2025-02-19,48697.62103244155,Paid
CL0028,2025-03-21,48697.62103244155,Paid
CL0028,2025-04-20,48697.62103244155,Paid
CL0028,2025-05-20,48697.62103244155,Paid
CL0028,2025-06-19,48697.62103244155,Paid
CL0028,2025-07-19,48697.62103244155,Missing
CL0028,2025-08-18,48697.62103244155,Paid
CL0028,2025-09-17,48697.62103244155,Paid
CL0028,2025-10-17,48697.62103244155,Paid
CL0028,2025-11-16,48697.62103244155,Paid
CL0029,2023-01-01,47491.99201010453,Paid
CL0029,2023-01-31,47491.99201010453,Paid
CL0029,2023-03-02,47491.99201010453,Missing
CL0029,2023-04-01,47491.99201010453,Paid
CL0029,2023-05-01,47491.99201010453,Paid
CL0029,2023-05-31,47491.99201010453,Paid
CL0029,2023-06-30,47491.99201010453,Paid
CL0029,2023-07-30,47491.99201010453,Paid
CL0029,2023-08-29,47491.99201010453,Paid
CL0029,2023-09-28,47491.99201010453,Paid
CL0029,2023-10-28,47491.99201010453,Paid
CL0029,2023-11-27,47491.99201010453,Missing
CL0029,2023-12-27,47491.99201010453,Missing
CL0029,2024-01-26,47491.99201010453,Paid
CL0029,2024-02-25,47491.99201010453,Paid
CL0029,2024-03-26,47491.99201010453,Paid
CL0029,2024-04-25,47491.99201010453,Paid
CL0029,2024-05-25,47491.99201010453,Paid
CL0029,2024-06-24,47491.99201010453,Paid
CL0029,2024-07-24,47491.99201010453,Paid
CL0029,2024-08-23,47491.99201010453,Paid
CL0029,2024-09-22,47491.99201010453,Paid
CL0029,2024-10-22,47491.99201010453,Paid
CL0029,2024-11-21,47491.99201010453,Paid
CL0029,2024-12-21,47491.99201010453,Paid
CL0029,2025-01-20,47491.99201010453,Paid
CL0029,2025-02-19,47491.99201010453,Paid
CL0029,2025-03-21,47491.99201010453,Paid
CL0029,2025-04-20,47491.99201010453,Missing
CL0029,2025-05-20,47491.99201010453,Missing
CL0029,2025-06-19,47491.99201010453,Paid
CL0029,2025-07-19,47491.99201010453,Paid
CL0029,2025-08-18,47491.99201010453,Paid
CL0029,2025-09-17,47491.99201010453,Paid
CL0029,2025-10-17,47491.99201010453,Paid
CL0029,2025-11-16,47491.99201010453,Paid
CL0030,2023-01-01,26339.63974958587,Paid
CL0030,2023-01-31,26339.63974958587,Paid
CL0030,2023-03-02,26339.63974958587,Paid
CL0030,2023-04-01,26339.63974958587,Paid
CL0030,2023-05-01,26339.63974958587,Paid
CL0030,2023-05-31,26339.63974958587,Paid
CL0030,2023-06-30,26339.63974958587,Paid
CL0030,2023-07-30,26339.63974958587,Paid
CL0030,2023-08-29,26339.63974958587,Paid
CL0030,2023-09-28,26339.63974958587,Missing
CL0030,2023-10-28,26339.63974958587,Paid
CL0030,2023-11-27,26339.63974958587,Paid
CL0030,2023-12-27,26339.63974958587,Paid
CL0030,2024-01-26,26339.63974958587,Paid
CL0030,2024-02-25,26339.63974958587,Paid
CL0030,2024-03-26,26339.63974958587,Paid
CL0030,2024-04-25,26339.63974958587,Paid
CL0030,2024-05-25,26339.63974958587,Paid
CL0030,2024-06-24,26339.63974958587,Missing
CL0030,2024-07-24,26339.63974958587,Paid
CL0030,2024-08-23,26339.63974958587,Paid
CL0030,2024-09-22,26339.63974958587,Paid
CL0030,2024-10-22,26339.63974958587,Paid
CL0030,2024-11-21,26339.63974958587,Paid
CL0030,2024-12-21,26339.63974958587,Paid
CL0030,2025-01-20,26339.63974958587,Paid
CL0030,2025-02-19,26339.63974958587,Paid
CL0030,2025-03-21,26339.63974958587,Paid
CL0030,2025-04-20,26339.63974958587,Paid
CL0030,2025-05-20,26339.63974958587,Paid
CL0030,2025-06-19,26339.63974958587,Paid
CL0030,2025-07-19,26339.63974958587,Missing
CL0030,2025-08-18,26339.63974958587,Paid
CL0030,2025-09-17,26339.63974958587,Paid
CL0030,2025-10-17,26339.63974958587,Missing
CL0030,2025-11-16,26339.63974958587,Paid
CL0031,2023-01-01,43791.9192945191,Paid
CL0031,2023-01-31,43791.9192945191,Missing
CL0031,2023-03-02,43791.9192945191,Paid
CL0031,2023-04-01,43791.9192945191,Paid
CL0031,2023-05-01,43791.9192945191,Missing
CL0031,2023-05-31,43791.9192945191,Paid
CL0031,2023-06-30,43791.9192945191,Paid
CL0031,2023-07-30,43791.9192945191,Missing
CL0031,2023-08-29,43791.9192945191,Paid
CL0031,2023-09-28,43791.9192945191,Paid
CL0031,2023-10-28,43791.9192945191,Missing
CL0031,2023-11-27,43791.9192945191,Paid
CL0031,2023-12-27,43791.9192945191,Paid
CL0031,2024-01-26,43791.9192945191,Paid
CL0031,2024-02-25,43791.9192945191,Paid
CL0031,2024-03-26,43791.9192945191,Paid
CL0031,2024-04-25,43791.9192945191,Paid
CL0031,2024-05-25,43791.9192945191,Paid
CL0031,2024-06-24,43791.9192945191,Paid
CL0031,2024-07-24,43791.9192945191,Paid
CL0031,2024-08-23,43791.9192945191,Paid
CL0031,2024-09-22,43791.9192945191,Missing
CL0031,2024-10-22,43791.9192945191,Missing
CL0031,2024-11-21,43791.9192945191,Paid
CL0031,2024-12-21,43791.9192945191,Paid
CL0031,2025-01-20,43791.9192945191,Paid
CL0031,2025-02-19,43791.9192945191,Paid
CL0031,2025-03-21,43791.9192945191,Paid
CL0031,2025-04-20,43791.9192945191,Paid
CL0031,2025-05-20,43791.9192945191,Paid
CL0031,2025-06-19,43791.9192945191,Paid
CL0031,2025-07-19,43791.9192945191,Paid
CL0031,2025-08-18,43791.9192945191,Paid
CL0031,2025-09-17,43791.9192945191,Paid
CL0031,2025-10-17,43791.9192945191,Paid
CL0031,2025-11-16,43791.9192945191,Paid
CL0032,2023-01-01,43004.72293407817,Paid
CL0032,2023-01-31,43004.72293407817,Paid
CL0032,2023-03-02,43004.72293407817,Missing
CL0032,2023-04-01,43004.72293407817,Paid
CL0032,2023-05-01,43004.72293407817,Paid
CL0032,2023-05-31,43004.72293407817,Paid
CL0032,2023-06-30,43004.72293407817,Paid
CL0032,2023-07-30,43004.72293407817,Paid
CL0032,2023-08-29,43004.72293407817,Paid
CL0032,2023-09-28,43004.72293407817,Paid
CL0032,2023-10-28,43004.72293407817,Paid
CL0032,2023-11-27,43004.72293407817,Paid
CL0032,2023-12-27,43004.72293407817,Paid
CL0032,2024-01-26,43004.72293407817,Paid
CL0032,2024-02-25,43004.72293407817,Missing
CL0032,2024-03-26,43004.72293407817,Paid
CL0032,2024-04-25,43004.72293407817,Paid
CL0032,2024-05-25,43004.72293407817,Paid
CL0032,2024-06-24,43004.72293407817,Missing
CL0032,2024-07-24,43004.72293407817,Paid
CL0032,2024-08-23,43004.72293407817,Paid
CL0032,2024-09-22,43004.72293407817,Paid
CL0032,2024-10-22,43004.72293407817,Paid
CL0032,2024-11-21,43004.72293407817,Paid
CL0032,2024-12-21,43004.72293407817,Paid
CL0032,2025-01-20,43004.72293407817,Paid
CL0032,2025-02-19,43004.72293407817,Missing
CL0032,2025-03-21,43004.72293407817,Paid
CL0032,2025-04-20,43004.72293407817,Missing
CL0032,2025-05-20,43004.72293407817,Paid
CL0032,2025-06-19,43004.72293407817,Paid
CL0032,2025-07-19,43004.72293407817,Paid
CL0032,2025-08-18,43004.72293407817,Missing
CL0032,2025-09-17,43004.72293407817,Paid
CL0032,2025-10-17,43004.72293407817,Paid
CL0032,2025-11-16,43004.72293407817,Paid
CL0033,2023-01-01,19359.521295946503,Paid
CL0033,2023-01-31,19359.521295946503,Paid
CL0033,2023-03-02,19359.521295946503,Paid
CL0033,2023-04-01,19359.521295946503,Paid
CL0033,2023-05-01,19359.521295946503,Paid
CL0033,2023-05-31,19359.521295946503,Missing
CL0033,2023-06-30,19359.521295946503,Paid
CL0033,2023-07-30,19359.521295946503,Paid
CL0033,2023-08-29,19359.521295946503,Paid
CL0033,2023-09-28,19359.521295946503,Paid
CL0033,2023-10-28,19359.521295946503,Missing
CL0033,2023-11-27,19359.521295946503,Paid
CL0033,2023-12-27,19359.521295946503,Paid
CL0033,2024-01-26,19359.521295946503,Paid
CL0033,2024-02-25,19359.521295946503,Paid
CL0033,2024-03-26,19359.521295946503,Missing
CL0033,2024-04-25,19359.521295946503,Paid
CL0033,2024-05-25,19359.521295946503,Paid
CL0033,2024-06-24,19359.521295946503,Paid
CL0033,2024-07-24,19359.521295946503,Paid
CL0033,2024-08-23,19359.521295946503,Paid
CL0033,2024-09-22,19359.521295946503,Paid
CL0033,2024-10-22,19359.521295946503,Paid
CL0033,2024-11-21,19359.521295946503,Paid
CL0033,2024-12-21,19359.521295946503,Paid
CL0033,2025-01-20,19359.521295946503,Paid
CL0033,2025-02-19,19359.521295946503,Paid
CL0033,2025-03-21,19359.521295946503,Paid
CL0033,2025-04-20,19359.521295946503,Paid
CL0033,2025-05-20,19359.521295946503,Paid
CL0033,2025-06-19,19359.521295946503,Paid
CL0033,2025-07-19,19359.521295946503,Paid
CL0033,2025-08-18,19359.521295946503,Paid
CL0033,2025-09-17,19359.521295946503,Paid
CL0033,2025-10-17,19359.521295946503,Paid
CL0033,2025-11-16,19359.521295946503,Paid
CL0034,2023-01-01,42301.19633678048,Paid
CL0034,2023-01-31,42301.19633678048,Paid
CL0034,2023-03-02,42301.19633678048,Paid
CL0034,2023-04-01,42301.19633678048,Paid
CL0034,2023-05-01,42301.19633678048,Paid
CL0034,2023-05-31,42301.19633678048,Paid
CL0034,2023-06-30,42301.19633678048,Paid
CL0034,2023-07-30,42301.19633678048,Paid
CL0034,2023-08-29,42301.19633678048,Paid
CL0034,2023-09-28,42301.19633678048,Paid
CL0034,2023-10-28,42301.19633678048,Paid
CL0034,2023-11-27,42301.19633678048,Paid
CL0034,2023-12-27,42301.19633678048,Paid
CL0034,2024-01-26,42301.19633678048,Paid
CL0034,2024-02-25,42301.19633678048,Paid
CL0034,2024-03-26,42301.19633678048,Missing
CL0034,2024-04-25,42301.19633678048,Paid
CL0034,2024-05-25,42301.19633678048,Missing
CL0034,2024-06-24,42301.19633678048,Paid
CL0034,2024-07-24,42301.19633678048,Paid
CL0034,2024-08-23,42301.19633678048,Paid
CL0034,2024-09-22,42301.19633678048,Paid
CL0034,2024-10-22,42301.19633678048,Paid
CL0034,2024-11-21,42301.19633678048,Paid
CL0034,2024-12-21,42301.19633678048,Paid
CL0034,2025-01-20,42301.19633678048,Paid
CL0034,2025-02-19,42301.19633678048,Paid
CL0034,2025-03-21,42301.19633678048,Paid
CL0034,2025-04-20,42301.19633678048,Paid
CL0034,2025-05-20,42301.19633678048,Paid
CL0034,2025-06-19,42301.19633678048,Missing
CL0034,2025-07-19,42301.19633678048,Paid
CL0034,2025-08-18,42301.19633678048,Paid
CL0034,2025-09-17,42301.19633678048,Paid
CL0034,2025-10-17,42301.19633678048,Paid
CL0034,2025-11-16,42301.19633678048,Paid
CL0035,2023-01-01,6665.343562197168,Paid
CL0035,2023-01-31,6665.343562197168,Paid
CL0035,2023-03-02,6665.343562197168,Paid
CL0035,2023-04-01,6665.343562197168,Paid
CL0035,2023-05-01,6665.343562197168,Paid
CL0035,2023-05-31,6665.343562197168,Paid
CL0035,2023-06-30,6665.343562197168,Paid
CL0035,2023-07-30,6665.343562197168,Paid
CL0035,2023-08-29,6665.343562197168,Paid
CL0035,2023-09-28,6665.343562197168,Paid
CL0035,2023-10-28,6665.343562197168,Paid
CL0035,2023-11-27,6665.343562197168,Missing
CL0035,2023-12-27,6665.343562197168,Paid
CL0035,2024-01-26,6665.343562197168,Missing
CL0035,2024-02-25,6665.343562197168,Missing
CL0035,2024-03-26,6665.343562197168,Paid
CL0035,2024-04-25,6665.343562197168,Paid
CL0035,2024-05-25,6665.343562197168,Paid
CL0035,2024-06-24,6665.343562197168,Paid
CL0035,2024-07-24,6665.343562197168,Missing
CL0035,2024-08-23,6665.343562197168,Paid
CL0035,2024-09-22,6665.343562197168,Paid
CL0035,2024-10-22,6665.343562197168,Paid
CL0035,2024-11-21,6665.343562197168,Paid
CL0035,2024-12-21,6665.343562197168,Paid
CL0035,2025-01-20,6665.343562197168,Paid
CL0035,2025-02-19,6665.343562197168,Paid
CL0035,2025-03-21,6665.343562197168,Missing
CL0035,2025-04-20,6665.343562197168,Missing
CL0035,2025-05-20,6665.343562197168,Paid
CL0035,2025-06-19,6665.343562197168,Paid
CL0035,2025-07-19,6665.343562197168,Missing
CL0035,2025-08-18,6665.343562197168,Paid
CL0035,2025-09-17,6665.343562197168,Missing
CL0035,2025-10-17,6665.343562197168,Paid
CL0035,2025-11-16,6665.343562197168,Paid
CL0036,2023-01-01,31832.144531692385,Missing
CL0036,2023-01-31,31832.144531692385,Paid
CL0036,2023-03-02,31832.144531692385,Paid
CL0036,2023-04-01,31832.144531692385,Paid
CL0036,2023-05-01,31832.144531692385,Paid
CL0036,2023-05-31,31832.144531692385,Paid
CL0036,2023-06-30,31832.144531692385,Paid
CL0036,2023-07-30,31832.144531692385,Paid
CL0036,2023-08-29,31832.144531692385,Paid
CL0036,2023-09-28,31832.144531692385,Paid
CL0036,2023-10-28,31832.144531692385,Paid
CL0036,2023-11-27,31832.144531692385,Missing
CL0036,2023-12-27,31832.144531692385,Paid
CL0036,2024-01-26,31832.144531692385,Paid
CL0036,2024-02-25,31832.144531692385,Paid
CL0036,2024-03-26,31832.144531692385,Paid
CL0036,2024-04-25,31832.144531692385,Paid
CL0036,2024-05-25,31832.144531692385,Paid
CL0036,2024-06-24,31832.144531692385,Paid
CL0036,2024-07-24,31832.144531692385,Missing
CL0036,2024-08-23,31832.144531692385,Paid
CL0036,2024-09-22,31832.144531692385,Paid
CL0036,2024-10-22,31832.144531692385,Paid
CL0036,2024-11-21,31832.144531692385,Missing
CL0036,2024-12-21,31832.144531692385,Paid
CL0036,2025-01-20,31832.144531692385,Paid
CL0036,2025-02-19,31832.144531692385,Missing
CL0036,2025-03-21,31832.144531692385,Paid
CL0036,2025-04-20,31832.144531692385,Paid
CL0036,2025-05-20,31832.144531692385,Paid
CL0036,2025-06-19,31832.144531692385,Paid
CL0036,2025-07-19,31832.144531692385,Paid
CL0036,2025-08-18,31832.144531692385,Paid
CL0036,2025-09-17,31832.144531692385,Paid
CL0036,2025-10-17,31832.144531692385,Paid
CL0036,2025-11-16,31832.144531692385,Paid
CL0037,2023-01-01,15350.397677946636,Paid
CL0037,2023-01-31,15350.397677946636,Paid
CL0037,2023-03-02,15350.397677946636,Paid
CL0037,2023-04-01,15350.397677946636,Paid
CL0037,2023-05-01,15350.397677946636,Paid
CL0037,2023-05-31,15350.397677946636,Paid
CL0037,2023-06-30,15350.397677946636,Missing
CL0037,2023-07-30,15350.397677946636,Missing
CL0037,2023-08-29,15350.397677946636,Paid
CL0037,2023-09-28,15350.397677946636,Paid
CL0037,2023-10-28,15350.397677946636,Paid
CL0037,2023-11-27,15350.397677946636,Paid
CL0037,2023-12-27,15350.397677946636,Paid
CL0037,2024-01-26,15350.397677946636,Paid
CL0037,2024-02-25,15350.397677946636,Paid
CL0037,2024-03-26,15350.397677946636,Paid
CL0037,2024-04-25,15350.397677946636,Paid
CL0037,2024-05-25,15350.397677946636,Paid
CL0037,2024-06-24,15350.397677946636,Paid
CL0037,2024-07-24,15350.397677946636,Paid
CL0037,2024-08-23,15350.397677946636,Paid
CL0037,2024-09-22,15350.397677946636,Paid
CL0037,2024-10-22,15350.397677946636,Paid
CL0037,2024-11-21,15350.397677946636,Paid
CL0037,2024-12-21,15350.397677946636,Paid
CL0037,2025-01-20,15350.397677946636,Paid
CL0037,2025-02-19,15350.397677946636,Paid
CL0037,2025-03-21,15350.397677946636,Paid
CL0037,2025-04-20,15350.397677946636,Paid
CL0037,2025-05-20,15350.397677946636,Missing
CL0037,2025-06-19,15350.397677946636,Paid
CL0037,2025-07-19,15350.397677946636,Paid
CL0037,2025-08-18,15350.397677946636,Paid
CL0037,2025-09-17,15350.397677946636,Paid
CL0037,2025-10-17,15350.397677946636,Paid
CL0037,2025-11-16,15350.397677946636,Paid
CL0038,2023-01-01,10425.509859977548,Paid
CL0038,2023-01-31,10425.509859977548,Paid
CL0038,2023-03-02,10425.509859977548,Paid
CL0038,2023-04-01,10425.509859977548,Paid
CL0038,2023-05-01,10425.509859977548,Paid
CL0038,2023-05-31,10425.509859977548,Paid
CL0038,2023-06-30,10425.509859977548,Paid
CL0038,2023-07-30,10425.509859977548,Paid
CL0038,2023-08-29,10425.509859977548,Paid
CL0038,2023-09-28,10425.509859977548,Paid
CL0038,2023-10-28,10425.509859977548,Paid
CL0038,2023-11-27,10425.509859977548,Paid
CL0038,2023-12-27,10425.509859977548,Paid
CL0038,2024-01-26,10425.509859977548,Paid
CL0038,2024-02-25,10425.509859977548,Paid
CL0038,2024-03-26,10425.509859977548,Paid
CL0038,2024-04-25,10425.509859977548,Missing
CL0038,2024-05-25,10425.509859977548,Paid
CL0038,2024-06-24,10425.509859977548,Missing
CL0038,2024-07-24,10425.509859977548,Paid
CL0038,2024-08-23,10425.509859977548,Paid
CL0038,2024-09-22,10425.509859977548,Paid
CL0038,2024-10-22,10425.509859977548,Paid
CL0038,2024-11-21,10425.509859977548,Paid
CL0038,2024-12-21,10425.509859977548,Paid
CL0038,2025-01-20,10425.509859977548,Paid
CL0038,2025-02-19,10425.509859977548,Missing
CL0038,2025-03-21,10425.509859977548,Paid
CL0038,2025-04-20,10425.509859977548,Paid
CL0038,2025-05-20,10425.509859977548,Paid
CL0038,2025-06-19,10425.509859977548,Paid
CL0038,2025-07-19,10425.509859977548,Paid
CL0038,2025-08-18,10425.509859977548,Paid
CL0038,2025-09-17,10425.509859977548,Paid
CL0038,2025-10-17,10425.509859977548,Paid
CL0038,2025-11-16,10425.509859977548,Paid
CL0039,2023-01-01,8462.894073314412,Paid
CL0039,2023-01-31,8462.894073314412,Paid
CL0039,2023-03-02,8462.894073314412,Paid
CL0039,2023-04-01,8462.894073314412,Paid
CL0039,2023-05-01,8462.894073314412,Paid
CL0039,2023-05-31,8462.894073314412,Paid
CL0039,2023-06-30,8462.894073314412,Paid
CL0039,2023-07-30,8462.894073314412,Paid
CL0039,2023-08-29,8462.894073314412,Paid
CL0039,2023-09-28,8462.894073314412,Paid
CL0039,2023-10-28,8462.894073314412,Missing
CL0039,2023-11-27,8462.894073314412,Paid
CL0039,2023-12-27,8462.894073314412,Paid
CL0039,2024-01-26,8462.894073314412,Paid
CL0039,2024-02-25,8462.894073314412,Missing
CL0039,2024-03-26,8462.894073314412,Paid
CL0039,2024-04-25,8462.894073314412,Paid
CL0039,2024-05-25,8462.894073314412,Paid
CL0039,2024-06-24,8462.894073314412,Paid
CL0039,2024-07-24,8462.894073314412,Paid
CL0039,2024-08-23,8462.894073314412,Paid
CL0039,2024-09-22,8462.894073314412,Missing
CL0039,2024-10-22,8462.894073314412,Missing
CL0039,2024-11-21,8462.894073314412,Paid
CL0039,2024-12-21,8462.894073314412,Missing
CL0039,2025-01-20,8462.894073314412,Paid
CL0039,2025-02-19,8462.894073314412,Paid
CL0039,2025-03-21,8462.894073314412,Paid
CL0039,2025-04-20,8462.894073314412,Paid
CL0039,2025-05-20,8462.894073314412,Paid
CL0039,2025-06-19,8462.894073314412,Paid
CL0039,2025-07-19,8462.894073314412,Paid
CL0039,2025-08-18,8462.894073314412,Missing
CL0039,2025-09-17,8462.894073314412,Paid
CL0039,2025-10-17,8462.894073314412,Paid
CL0039,2025-11-16,8462.894073314412,Paid
CL0040,2023-01-01,36332.99491451629,Paid
CL0040,2023-01-31,36332.99491451629,Missing
CL0040,2023-03-02,36332.99491451629,Missing
CL0040,2023-04-01,36332.99491451629,Paid
CL0040,2023-05-01,36332.99491451629,Paid
CL0040,2023-05-31,36332.99491451629,Paid
CL0040,2023-06-30,36332.99491451629,Paid
CL0040,2023-07-30,36332.99491451629,Paid
CL0040,2023-08-29,36332.99491451629,Paid
CL0040,2023-09-28,36332.99491451629,Paid
CL0040,2023-10-28,36332.99491451629,Paid
CL0040,2023-11-27,36332.99491451629,Paid
CL0040,2023-12-27,36332.99491451629,Paid
CL0040,2024-01-26,36332.99491451629,Paid
CL0040,2024-02-25,36332.99491451629,Paid
CL0040,2024-03-26,36332.99491451629,Paid
CL0040,2024-04-25,36332.99491451629,Paid
CL0040,2024-05-25,36332.99491451629,Paid
CL0040,2024-06-24,36332.99491451629,Missing
CL0040,2024-07-24,36332.99491451629,Paid
CL0040,2024-08-23,36332.99491451629,Paid
CL0040,2024-09-22,36332.99491451629,Paid
CL0040,2024-10-22,36332.99491451629,Paid
CL0040,2024-11-21,36332.99491451629,Paid
CL0040,2024-12-21,36332.99491451629,Missing
CL0040,2025-01-20,36332.99491451629,Paid
CL0040,2025-02-19,36332.99491451629,Paid
CL0040,2025-03-21,36332.99491451629,Paid
CL0040,2025-04-20,36332.99491451629,Paid
CL0040,2025-05-20,36332.99491451629,Paid
CL0040,2025-06-19,36332.99491451629,Paid
CL0040,2025-07-19,36332.99491451629,Missing
CL0040,2025-08-18,36332.99491451629,Paid
CL0040,2025-09-17,36332.99491451629,Paid
CL0040,2025-10-17,36332.99491451629,Paid
CL0040,2025-11-16,36332.99491451629,Missing
CL0041,2023-01-01,20294.373369562974,Paid
CL0041,2023-01-31,20294.373369562974,Paid
CL0041,2023-03-02,20294.373369562974,Paid
CL0041,2023-04-01,20294.373369562974,Missing
CL0041,2023-05-01,20294.373369562974,Missing
CL0041,2023-05-31,20294.373369562974,Paid
CL0041,2023-06-30,20294.373369562974,Paid
CL0041,2023-07-30,20294.373369562974,Paid
CL0041,2023-08-29,20294.373369562974,Missing
CL0041,2023-09-28,20294.373369562974,Paid
CL0041,2023-10-28,20294.373369562974,Paid
CL0041,2023-11-27,20294.373369562974,Paid
CL0041,2023-12-27,20294.373369562974,Paid
CL0041,2024-01-26,20294.373369562974,Paid
CL0041,2024-02-25,20294.373369562974,Missing
CL0041,2024-03-26,20294.373369562974,Paid
CL0041,2024-04-25,20294.373369562974,Paid
CL0041,2024-05-25,20294.373369562974,Paid
CL0041,2024-06-24,20294.373369562974,Paid
CL0041,2024-07-24,20294.373369562974,Paid
CL0041,2024-08-23,20294.373369562974,Missing
CL0041,2024-09-22,20294.373369562974,Paid
CL0041,2024-10-22,20294.373369562974,Missing
CL0041,2024-11-21,20294.373369562974,Paid
CL0041,2024-12-21,20294.373369562974,Paid
CL0041,2025-01-20,20294.373369562974,Paid
CL0041,2025-02-19,20294.373369562974,Paid
CL0041,2025-03-21,20294.373369562974,Paid
CL0041,2025-04-20,20294.373369562974,Paid
CL0041,2025-05-20,20294.373369562974,Paid
CL0041,2025-06-19,20294.373369562974,Paid
CL0041,2025-07-19,20294.373369562974,Paid
CL0041,2025-08-18,20294.373369562974,Paid
CL0041,2025-09-17,20294.373369562974,Paid
CL0041,2025-10-17,20294.373369562974,Paid
CL0041,2025-11-16,20294.373369562974,Paid
CL0042,2023-01-01,37614.50471879427,Paid
CL0042,2023-01-31,37614.50471879427,Paid
CL0042,2023-03-02,37614.50471879427,Paid
CL0042,2023-04-01,37614.50471879427,Paid
CL0042,2023-05-01,37614.50471879427,Paid
CL0042,2023-05-31,37614.50471879427,Paid
CL0042,2023-06-30,37614.50471879427,Paid
CL0042,2023-07-30,37614.50471879427,Paid
CL0042,2023-08-29,37614.50471879427,Paid
CL0042,2023-09-28,37614.50471879427,Paid
CL0042,2023-10-28,37614.50471879427,Paid
CL0042,2023-11-27,37614.50471879427,Paid
CL0042,2023-12-27,37614.50471879427,Paid
CL0042,2024-01-26,37614.50471879427,Missing
CL0042,2024-02-25,37614.50471879427,Paid
CL0042,2024-03-26,37614.50471879427,Paid
CL0042,2024-04-25,37614.50471879427,Paid
CL0042,2024-05-25,37614.50471879427,Paid
CL0042,2024-06-24,37614.50471879427,Paid
CL0042,2024-07-24,37614.50471879427,Paid
CL0042,2024-08-23,37614.50471879427,Paid
CL0042,2024-09-22,37614.50471879427,Missing
CL0042,2024-10-22,37614.50471879427,Paid
CL0042,2024-11-21,37614.50471879427,Paid
CL0042,2024-12-21,37614.50471879427,Paid
CL0042,2025-01-20,37614.50471879427,Missing
CL0042,2025-02-19,37614.50471879427,Missing
CL0042,2025-03-21,37614.50471879427,Missing
CL0042,2025-04-20,37614.50471879427,Paid
CL0042,2025-05-20,37614.50471879427,Paid
CL0042,2025-06-19,37614.50471879427,Paid
CL0042,2025-07-19,37614.50471879427,Paid
CL0042,2025-08-18,37614.50471879427,Paid
CL0042,2025-09-17,37614.50471879427,Missing
CL0042,2025-10-17,37614.50471879427,Paid
CL0042,2025-11-16,37614.50471879427,Paid
CL0043,2023-01-01,7941.035335952407,Paid
CL0043,2023-01-31,7941.035335952407,Paid
CL0043,2023-03-02,7941.035335952407,Paid
CL0043,2023-04-01,7941.035335952407,Paid
CL0043,2023-05-01,7941.035335952407,Paid
CL0043,2023-05-31,7941.035335952407,Paid
CL0043,2023-06-30,7941.035335952407,Paid
CL0043,2023-07-30,7941.035335952407,Paid
CL0043,2023-08-29,7941.035335952407,Paid
CL0043,2023-09-28,7941.035335952407,Paid
CL0043,2023-10-28,7941.035335952407,Paid
CL0043,2023-11-27,7941.035335952407,Paid
CL0043,2023-12-27,7941.035335952407,Paid
CL0043,2024-01-26,7941.035335952407,Paid
CL0043,2024-02-25,7941.035335952407,Paid
CL0043,2024-03-26,7941.035335952407,Missing
CL0043,2024-04-25,7941.035335952407,Paid
CL0043,2024-05-25,7941.035335952407,Missing
CL0043,2024-06-24,7941.035335952407,Paid
CL0043,2024-07-24,7941.035335952407,Paid
CL0043,2024-08-23,7941.035335952407,Paid
CL0043,2024-09-22,7941.035335952407,Paid
CL0043,2024-10-22,7941.035335952407,Paid
CL0043,2024-11-21,7941.035335952407,Paid
CL0043,2024-12-21,7941.035335952407,Paid
CL0043,2025-01-20,7941.035335952407,Paid
CL0043,2025-02-19,7941.035335952407,Paid
CL0043,2025-03-21,7941.035335952407,Paid
CL0043,2025-04-20,7941.035335952407,Paid
CL0043,2025-05-20,7941.035335952407,Paid
CL0043,2025-06-19,7941.035335952407,Paid
CL0043,2025-07-19,7941.035335952407,Paid
CL0043,2025-08-18,7941.035335952407,Missing
CL0043,2025-09-17,7941.035335952407,Paid
CL0043,2025-10-17,7941.035335952407,Paid
CL0043,2025-11-16,7941.035335952407,Paid
CL0044,2023-01-01,19188.065202377467,Paid
CL0044,2023-01-31,19188.065202377467,Paid
CL0044,2023-03-02,19188.065202377467,Paid
CL0044,2023-04-01,19188.065202377467,Paid
CL0044,2023-05-01,19188.065202377467,Paid
CL0044,2023-05-31,19188.065202377467,Missing
CL0044,2023-06-30,19188.065202377467,Paid
CL0044,2023-07-30,19188.065202377467,Paid
CL0044,2023-08-29,19188.065202377467,Paid
CL0044,2023-09-28,19188.065202377467,Paid
CL0044,2023-10-28,19188.065202377467,Paid
CL0044,2023-11-27,19188.065202377467,Paid
CL0044,2023-12-27,19188.065202377467,Missing
CL0044,2024-01-26,19188.065202377467,Paid
CL0044,2024-02-25,19188.065202377467,Paid
CL0044,2024-03-26,19188.065202377467,Paid
CL0044,2024-04-25,19188.065202377467,Paid
CL0044,2024-05-25,19188.065202377467,Paid
CL0044,2024-06-24,19188.065202377467,Paid
CL0044,2024-07-24,19188.065202377467,Paid
CL0044,2024-08-23,19188.065202377467,Paid
CL0044,2024-09-22,19188.065202377467,Paid
CL0044,2024-10-22,19188.065202377467,Paid
CL0044,2024-11-21,19188.065202377467,Paid
CL0044,2024-12-21,19188.065202377467,Paid
CL0044,2025-01-20,19188.065202377467,Paid
CL0044,2025-02-19,19188.065202377467,Paid
CL0044,2025-03-21,19188.065202377467,Paid
CL0044,2025-04-20,19188.065202377467,Missing
CL0044,2025-05-20,19188.065202377467,Paid
CL0044,2025-06-19,19188.065202377467,Paid
CL0044,2025-07-19,19188.065202377467,Paid
CL0044,2025-08-18,19188.065202377467,Paid
CL0044,2025-09-17,19188.065202377467,Paid
CL0044,2025-10-17,19188.065202377467,Paid
CL0044,2025-11-16,19188.065202377467,Paid
CL0045,2023-01-01,29277.10815689017,Missing
CL0045,2023-01-31,29277.10815689017,Paid
CL0045,2023-03-02,29277.10815689017,Paid
CL0045,2023-04-01,29277.10815689017,Paid
CL0045,2023-05-01,29277.10815689017,Paid
CL0045,2023-05-31,29277.10815689017,Paid
CL0045,2023-06-30,29277.10815689017,Paid
CL0045,2023-07-30,29277.10815689017,Paid
CL0045,2023-08-29,29277.10815689017,Paid
CL0045,2023-09-28,29277.10815689017,Missing
CL0045,2023-10-28,29277.10815689017,Paid
CL0045,2023-11-27,29277.10815689017,Paid
CL0045,2023-12-27,29277.10815689017,Paid
CL0045,2024-01-26,29277.10815689017,Paid
CL0045,2024-02-25,29277.10815689017,Missing
CL0045,2024-03-26,29277.10815689017,Paid
CL0045,2024-04-25,29277.10815689017,Paid
CL0045,2024-05-25,29277.10815689017,Paid
CL0045,2024-06-24,29277.10815689017,Paid
CL0045,2024-07-24,29277.10815689017,Paid
CL0045,2024-08-23,29277.10815689017,Paid
CL0045,2024-09-22,29277.10815689017,Paid
CL0045,2024-10-22,29277.10815689017,Paid
CL0045,2024-11-21,29277.10815689017,Paid
CL0045,2024-12-21,29277.10815689017,Paid
CL0045,2025-01-20,29277.10815689017,Paid
CL0045,2025-02-19,29277.10815689017,Missing
CL0045,2025-03-21,29277.10815689017,Paid
CL0045,2025-04-20,29277.10815689017,Paid
CL0045,2025-05-20,29277.10815689017,Paid
CL0045,2025-06-19,29277.10815689017,Paid
CL0045,2025-07-19,29277.10815689017,Paid
CL0045,2025-08-18,29277.10815689017,Paid
CL0045,2025-09-17,29277.10815689017,Paid
CL0045,2025-10-17,29277.10815689017,Paid
CL0045,2025-11-16,29277.10815689017,Missing
CL0046,2023-01-01,40582.54241775336,Paid
CL0046,2023-01-31,40582.54241775336,Missing
CL0046,2023-03-02,40582.54241775336,Paid
CL0046,2023-04-01,40582.54241775336,Paid
CL0046,2023-05-01,40582.54241775336,Paid
CL0046,2023-05-31,40582.54241775336,Paid
CL0046,2023-06-30,40582.54241775336,Paid
CL0046,2023-07-30,40582.54241775336,Paid
CL0046,2023-08-29,40582.54241775336,Missing
CL0046,2023-09-28,40582.54241775336,Paid
CL0046,2023-10-28,40582.54241775336,Paid
CL0046,2023-11-27,40582.54241775336,Paid
CL0046,2023-12-27,40582.54241775336,Paid
CL0046,2024-01-26,40582.54241775336,Paid
CL0046,2024-02-25,40582.54241775336,Missing
CL0046,2024-03-26,40582.54241775336,Paid
CL0046,2024-04-25,40582.54241775336,Paid
CL0046,2024-05-25,40582.54241775336,Paid
CL0046,2024-06-24,40582.54241775336,Paid
CL0046,2024-07-24,40582.54241775336,Paid
CL0046,2024-08-23,40582.54241775336,Paid
CL0046,2024-09-22,40582.54241775336,Paid
CL0046,2024-10-22,40582.54241775336,Paid
CL0046,2024-11-21,40582.54241775336,Paid
CL0046,2024-12-21,40582.54241775336,Paid
CL0046,2025-01-20,40582.54241775336,Paid
CL0046,2025-02-19,40582.54241775336,Paid
CL0046,2025-03-21,40582.54241775336,Paid
CL0046,2025-04-20,40582.54241775336,Paid
CL0046,2025-05-20,40582.54241775336,Paid
CL0046,2025-06-19,40582.54241775336,Paid
CL0046,2025-07-19,40582.54241775336,Paid
CL0046,2025-08-18,40582.54241775336,Paid
CL0046,2025-09-17,40582.54241775336,Missing
CL0046,2025-10-17,40582.54241775336,Paid
CL0046,2025-11-16,40582.54241775336,Paid
CL0047,2023-01-01,19343.862631943142,Paid
CL0047,2023-01-31,19343.862631943142,Paid
CL0047,2023-03-02,19343.862631943142,Paid
CL0047,2023-04-01,19343.862631943142,Missing
CL0047,2023-05-01,19343.862631943142,Paid
CL0047,2023-05-31,19343.862631943142,Paid
CL0047,2023-06-30,19343.862631943142,Paid
CL0047,2023-07-30,19343.862631943142,Paid
CL0047,2023-08-29,19343.862631943142,Paid
CL0047,2023-09-28,19343.862631943142,Missing
CL0047,2023-10-28,19343.862631943142,Paid
CL0047,2023-11-27,19343.862631943142,Paid
CL0047,2023-12-27,19343.862631943142,Paid
CL0047,2024-01-26,19343.862631943142,Paid
CL0047,2024-02-25,19343.862631943142,Paid
CL0047,2024-03-26,19343.862631943142,Paid
CL0047,2024-04-25,19343.862631943142,Paid
CL0047,2024-05-25,19343.862631943142,Missing
CL0047,2024-06-24,19343.862631943142,Missing
CL0047,2024-07-24,19343.862631943142,Paid
CL0047,2024-08-23,19343.862631943142,Paid
CL0047,2024-09-22,19343.862631943142,Paid
CL0047,2024-10-22,19343.862631943142,Paid
CL0047,2024-11-21,19343.862631943142,Paid
CL0047,2024-12-21,19343.862631943142,Missing
CL0047,2025-01-20,19343.862631943142,Missing
CL0047,2025-02-19,19343.862631943142,Missing
CL0047,2025-03-21,19343.862631943142,Paid
CL0047,2025-04-20,19343.862631943142,Paid
CL0047,2025-05-20,19343.862631943142,Paid
CL0047,2025-06-19,19343.862631943142,Missing
CL0047,2025-07-19,19343.862631943142,Paid
CL0047,2025-08-18,19343.862631943142,Paid
CL0047,2025-09-17,19343.862631943142,Paid
CL0047,2025-10-17,19343.862631943142,Missing
CL0047,2025-11-16,19343.862631943142,Paid
CL0048,2023-01-01,33165.11193966541,Paid
CL0048,2023-01-31,33165.11193966541,Paid
CL0048,2023-03-02,33165.11193966541,Paid
CL0048,2023-04-01,33165.11193966541,Paid
CL0048,2023-05-01,33165.11193966541,Paid
CL0048,2023-05-31,33165.11193966541,Paid
CL0048,2023-06-30,33165.11193966541,Paid
CL0048,2023-07-30,33165.11193966541,Paid
CL0048,2023-08-29,33165.11193966541,Paid
CL0048,2023-09-28,33165.11193966541,Paid
CL0048,2023-10-28,33165.11193966541,Paid
CL0048,2023-11-27,33165.11193966541,Missing
CL0048,2023-12-27,33165.11193966541,Missing
CL0048,2024-01-26,33165.11193966541,Paid
CL0048,2024-02-25,33165.11193966541,Paid
CL0048,2024-03-26,33165.11193966541,Paid
CL0048,2024-04-25,33165.11193966541,Paid
CL0048,2024-05-25,33165.11193966541,Paid
CL0048,2024-06-24,33165.11193966541,Missing
CL0048,2024-07-24,33165.11193966541,Paid
CL0048,2024-08-23,33165.11193966541,Paid
CL0048,2024-09-22,33165.11193966541,Missing
CL0048,2024-10-22,33165.11193966541,Paid
CL0048,2024-11-21,33165.11193966541,Paid
CL0048,2024-12-21,33165.11193966541,Paid
CL0048,2025-01-20,33165.11193966541,Paid
CL0048,2025-02-19,33165.11193966541,Paid
CL0048,2025-03-21,33165.11193966541,Paid
CL0048,2025-04-20,33165.11193966541,Missing
CL0048,2025-05-20,33165.11193966541,Paid
CL0048,2025-06-19,33165.11193966541,Paid
CL0048,2025-07-19,33165.11193966541,Paid
CL0048,2025-08-18,33165.11193966541,Paid
CL0048,2025-09-17,33165.11193966541,Paid
CL0048,2025-10-17,33165.11193966541,Paid
CL0048,2025-11-16,33165.11193966541,Missing
CL0049,2023-01-01,44868.99867062842,Paid
CL0049,2023-01-31,44868.99867062842,Paid
CL0049,2023-03-02,44868.99867062842,Paid
CL0049,2023-04-01,44868.99867062842,Paid
CL0049,2023-05-01,44868.99867062842,Paid
CL0049,2023-05-31,44868.99867062842,Paid
CL0049,2023-06-30,44868.99867062842,Paid
CL0049,2023-07-30,44868.99867062842,Paid
CL0049,2023-08-29,44868.99867062842,Paid
CL0049,2023-09-28,44868.99867062842,Paid
CL0049,2023-10-28,44868.99867062842,Paid
CL0049,2023-11-27,44868.99867062842,Paid
CL0049,2023-12-27,44868.99867062842,Paid
CL0049,2024-01-26,44868.99867062842,Paid
CL0049,2024-02-25,44868.99867062842,Paid
CL0049,2024-03-26,44868.99867062842,Paid
CL0049,2024-04-25,44868.99867062842,Paid
CL0049,2024-05-25,44868.99867062842,Paid
CL0049,2024-06-24,44868.99867062842,Paid
CL0049,2024-07-24,44868.99867062842,Paid
CL0049,2024-08-23,44868.99867062842,Missing
CL0049,2024-09-22,44868.99867062842,Paid
CL0049,2024-10-22,44868.99867062842,Paid
CL0049,2024-11-21,44868.99867062842,Paid
CL0049,2024-12-21,44868.99867062842,Paid
CL0049,2025-01-20,44868.99867062842,Paid
CL0049,2025-02-19,44868.99867062842,Paid
CL0049,2025-03-21,44868.99867062842,Paid
CL0049,2025-04-20,44868.99867062842,Paid
CL0049,2025-05-20,44868.99867062842,Paid
CL0049,2025-06-19,44868.99867062842,Paid
CL0049,2025-07-19,44868.99867062842,Paid
CL0049,2025-08-18,44868.99867062842,Paid
CL0049,2025-09-17,44868.99867062842,Paid
CL0049,2025-10-17,44868.99867062842,Paid
CL0049,2025-11-16,44868.99867062842,Paid
CL0050,2023-01-01,32713.843468203704,Paid
CL0050,2023-01-31,32713.843468203704,Paid
CL0050,2023-03-02,32713.843468203704,Paid
CL0050,2023-04-01,32713.843468203704,Paid
CL0050,2023-05-01,32713.843468203704,Paid
CL0050,2023-05-31,32713.843468203704,Paid
CL0050,2023-06-30,32713.843468203704,Paid
CL0050,2023-07-30,32713.843468203704,Paid
CL0050,2023-08-29,32713.843468203704,Paid
CL0050,2023-09-28,32713.843468203704,Paid
CL0050,2023-10-28,32713.843468203704,Paid
CL0050,2023-11-27,32713.843468203704,Paid
CL0050,2023-12-27,32713.843468203704,Paid
CL0050,2024-01-26,32713.843468203704,Paid
CL0050,2024-02-25,32713.843468203704,Paid
CL0050,2024-03-26,32713.843468203704,Missing
CL0050,2024-04-25,32713.843468203704,Paid
CL0050,2024-05-25,32713.843468203704,Paid
CL0050,2024-06-24,32713.843468203704,Paid
CL0050,2024-07-24,32713.843468203704,Paid
CL0050,2024-08-23,32713.843468203704,Paid
CL0050,2024-09-22,32713.843468203704,Paid
CL0050,2024-10-22,32713.843468203704,Paid
CL0050,2024-11-21,32713.843468203704,Paid
CL0050,2024-12-21,32713.843468203704,Paid
CL0050,2025-01-20,32713.843468203704,Paid
CL0050,2025-02-19,32713.843468203704,Paid
CL0050,2025-03-21,32713.843468203704,Paid
CL0050,2025-04-20,32713.843468203704,Paid
CL0050,2025-05-20,32713.843468203704,Paid
CL0050,2025-06-19,32713.843468203704,Paid
CL0050,2025-07-19,32713.843468203704,Paid
CL0050,2025-08-18,32713.843468203704,Missing
CL0050,2025-09-17,32713.843468203704,Paid
CL0050,2025-10-17,32713.843468203704,Paid
CL0050,2025-11-16,32713.843468203704,Paid
CL0051,2023-01-01,15483.17636391352,Missing
CL0051,2023-01-31,15483.17636391352,Paid
CL0051,2023-03-02,15483.17636391352,Paid
CL0051,2023-04-01,15483.17636391352,Paid
CL0051,2023-05-01,15483.17636391352,Paid
CL0051,2023-05-31,15483.17636391352,Missing
CL0051,2023-06-30,15483.17636391352,Paid
CL0051,2023-07-30,15483.17636391352,Paid
CL0051,2023-08-29,15483.17636391352,Paid
CL0051,2023-09-28,15483.17636391352,Paid
CL0051,2023-10-28,15483.17636391352,Paid
CL0051,2023-11-27,15483.17636391352,Paid
CL0051,2023-12-27,15483.17636391352,Missing
CL0051,2024-01-26,15483.17636391352,Paid
CL0051,2024-02-25,15483.17636391352,Paid
CL0051,2024-03-26,15483.17636391352,Paid
CL0051,2024-04-25,15483.17636391352,Paid
CL0051,2024-05-25,15483.17636391352,Paid
CL0051,2024-06-24,15483.17636391352,Paid
CL0051,2024-07-24,15483.17636391352,Paid
CL0051,2024-08-23,15483.17636391352,Paid
CL0051,2024-09-22,15483.17636391352,Paid
CL0051,2024-10-22,15483.17636391352,Paid
CL0051,2024-11-21,15483.17636391352,Paid
CL0051,2024-12-21,15483.17636391352,Paid
CL0051,2025-01-20,15483.17636391352,Paid
CL0051,2025-02-19,15483.17636391352,Paid
CL0051,2025-03-21,15483.17636391352,Paid
CL0051,2025-04-20,15483.17636391352,Paid
CL0051,2025-05-20,15483.17636391352,Paid
CL0051,2025-06-19,15483.17636391352,Paid
CL0051,2025-07-19,15483.17636391352,Missing
CL0051,2025-08-18,15483.17636391352,Missing
CL0051,2025-09-17,15483.17636391352,Paid
CL0051,2025-10-17,15483.17636391352,Paid
CL0051,2025-11-16,15483.17636391352,Paid
CL0052,2023-01-01,6098.035170044211,Paid
CL0052,2023-01-31,6098.035170044211,Paid
CL0052,2023-03-02,6098.035170044211,Paid
CL0052,2023-04-01,6098.035170044211,Missing
CL0052,2023-05-01,6098.035170044211,Paid
CL0052,2023-05-31,6098.035170044211,Paid
CL0052,2023-06-30,6098.035170044211,Paid
CL0052,2023-07-30,6098.035170044211,Paid
CL0052,2023-08-29,6098.035170044211,Missing
CL0052,2023-09-28,6098.035170044211,Paid
CL0052,2023-10-28,6098.035170044211,Paid
CL0052,2023-11-27,6098.035170044211,Paid
CL0052,2023-12-27,6098.035170044211,Paid
CL0052,2024-01-26,6098.035170044211,Paid
CL0052,2024-02-25,6098.035170044211,Paid
CL0052,2024-03-26,6098.035170044211,Paid
CL0052,2024-04-25,6098.035170044211,Paid
CL0052,2024-05-25,6098.035170044211,Paid
CL0052,2024-06-24,6098.035170044211,Paid
CL0052,2024-07-24,6098.035170044211,Paid
CL0052,2024-08-23,6098.035170044211,Missing
CL0052,2024-09-22,6098.035170044211,Paid
CL0052,2024-10-22,6098.035170044211,Paid
CL0052,2024-11-21,6098.035170044211,Paid
CL0052,2024-12-21,6098.035170044211,Paid
CL0052,2025-01-20,6098.035170044211,Paid
CL0052,2025-02-19,6098.035170044211,Paid
CL0052,2025-03-21,6098.035170044211,Paid
CL0052,2025-04-20,6098.035170044211,Paid
CL0052,2025-05-20,6098.035170044211,Paid
CL0052,2025-06-19,6098.035170044211,Paid
CL0052,2025-07-19,6098.035170044211,Paid
CL0052,2025-08-18,6098.035170044211,Paid
CL0052,2025-09-17,6098.035170044211,Paid
CL0052,2025-10-17,6098.035170044211,Paid
CL0052,2025-11-16,6098.035170044211,Paid
CL0053,2023-01-01,44154.44932554184,Paid
CL0053,2023-01-31,44154.44932554184,Paid
CL0053,2023-03-02,44154.44932554184,Paid
CL0053,2023-04-01,44154.44932554184,Paid
CL0053,2023-05-01,44154.44932554184,Paid
CL0053,2023-05-31,44154.44932554184,Paid
CL0053,2023-06-30,44154.44932554184,Paid
CL0053,2023-07-30,44154.44932554184,Paid
CL0053,2023-08-29,44154.44932554184,Paid
CL0053,2023-09-28,44154.44932554184,Paid
CL0053,2023-10-28,44154.44932554184,Paid
CL0053,2023-11-27,44154.44932554184,Paid
CL0053,2023-12-27,44154.44932554184,Paid
CL0053,2024-01-26,44154.44932554184,Paid
CL0053,2024-02-25,44154.44932554184,Paid
CL0053,2024-03-26,44154.44932554184,Paid
CL0053,2024-04-25,44154.44932554184,Paid
CL0053,2024-05-25,44154.44932554184,Paid
CL0053,2024-06-24,44154.44932554184,Paid
CL0053,2024-07-24,44154.44932554184,Paid
CL0053,2024-08-23,44154.44932554184,Paid
CL0053,2024-09-22,44154.44932554184,Paid
CL0053,2024-10-22,44154.44932554184,Paid
CL0053,2024-11-21,44154.44932554184,Paid
CL0053,2024-12-21,44154.44932554184,Paid
CL0053,2025-01-20,44154.44932554184,Paid
CL0053,2025-02-19,44154.44932554184,Paid
CL0053,2025-03-21,44154.44932554184,Paid
CL0053,2025-04-20,44154.44932554184,Paid
CL0053,2025-05-20,44154.44932554184,Paid
CL0053,2025-06-19,44154.44932554184,Paid
CL0053,2025-07-19,44154.44932554184,Paid
CL0053,2025-08-18,44154.44932554184,Missing
CL0053,2025-09-17,44154.44932554184,Paid
CL0053,2025-10-17,44154.44932554184,Missing
CL0053,2025-11-16,44154.44932554184,Paid
CL0054,2023-01-01,5957.123488267422,Paid
CL0054,2023-01-31,5957.123488267422,Paid
CL0054,2023-03-02,5957.123488267422,Paid
CL0054,2023-04-01,5957.123488267422,Paid
CL0054,2023-05-01,5957.123488267422,Paid
CL0054,2023-05-31,5957.123488267422,Paid
CL0054,2023-06-30,5957.123488267422,Paid
CL0054,2023-07-30,5957.123488267422,Paid
CL0054,2023-08-29,5957.123488267422,Paid
CL0054,2023-09-28,5957.123488267422,Paid
CL0054,2023-10-28,5957.123488267422,Paid
CL0054,2023-11-27,5957.123488267422,Paid
CL0054,2023-12-27,5957.123488267422,Paid
CL0054,2024-01-26,5957.123488267422,Paid
CL0054,2024-02-25,5957.123488267422,Paid
CL0054,2024-03-26,5957.123488267422,Missing
CL0054,2024-04-25,5957.123488267422,Paid
CL0054,2024-05-25,5957.123488267422,Paid
CL0054,2024-06-24,5957.123488267422,Paid
CL0054,2024-07-24,5957.123488267422,Paid
CL0054,2024-08-23,5957.123488267422,Paid
CL0054,2024-09-22,5957.123488267422,Paid
CL0054,2024-10-22,5957.123488267422,Paid
CL0054,2024-11-21,5957.123488267422,Paid
CL0054,2024-12-21,5957.123488267422,Paid
CL0054,2025-01-20,5957.123488267422,Paid
CL0054,2025-02-19,5957.123488267422,Paid
CL0054,2025-03-21,5957.123488267422,Paid
CL0054,2025-04-20,5957.123488267422,Paid
CL0054,2025-05-20,5957.123488267422,Paid
CL0054,2025-06-19,5957.123488267422,Paid
CL0054,2025-07-19,5957.123488267422,Paid
CL0054,2025-08-18,5957.123488267422,Paid
CL0054,2025-09-17,5957.123488267422,Paid
CL0054,2025-10-17,5957.123488267422,Paid
CL0054,2025-11-16,5957.123488267422,Missing
CL0055,2023-01-01,44361.57527078897,Paid
CL0055,2023-01-31,44361.57527078897,Paid
CL0055,2023-03-02,44361.57527078897,Paid
CL0055,2023-04-01,44361.57527078897,Paid
CL0055,2023-05-01,44361.57527078897,Paid
CL0055,2023-05-31,44361.57527078897,Paid
CL0055,2023-06-30,44361.57527078897,Paid
CL0055,2023-07-30,44361.57527078897,Paid
CL0055,2023-08-29,44361.57527078897,Paid
CL0055,2023-09-28,44361.57527078897,Paid
CL0055,2023-10-28,44361.57527078897,Paid
CL0055,2023-11-27,44361.57527078897,Paid
CL0055,2023-12-27,44361.57527078897,Paid
CL0055,2024-01-26,44361.57527078897,Paid
CL0055,2024-02-25,44361.57527078897,Paid
CL0055,2024-03-26,44361.57527078897,Missing
CL0055,2024-04-25,44361.57527078897,Paid
CL0055,2024-05-25,44361.57527078897,Paid
CL0055,2024-06-24,44361.57527078897,Paid
CL0055,2024-07-24,44361.57527078897,Paid
CL0055,2024-08-23,44361.57527078897,Paid
CL0055,2024-09-22,44361.57527078897,Paid
CL0055,2024-10-22,44361.57527078897,Missing
CL0055,2024-11-21,44361.57527078897,Paid
CL0055,2024-12-21,44361.57527078897,Paid
CL0055,2025-01-20,44361.57527078897,Missing
CL0055,2025-02-19,44361.57527078897,Paid
CL0055,2025-03-21,44361.57527078897,Paid
CL0055,2025-04-20,44361.57527078897,Paid
CL0055,2025-05-20,44361.57527078897,Paid
CL0055,2025-06-19,44361.57527078897,Paid
CL0055,2025-07-19,44361.57527078897,Paid
CL0055,2025-08-18,44361.57527078897,Paid
CL0055,2025-09-17,44361.57527078897,Paid
CL0055,2025-10-17,44361.57527078897,Paid
CL0055,2025-11-16,44361.57527078897,Paid
CL0056,2023-01-01,28802.171031224538,Missing
CL0056,2023-01-31,28802.171031224538,Paid
CL0056,2023-03-02,28802.171031224538,Paid
CL0056,2023-04-01,28802.171031224538,Paid
CL0056,2023-05-01,28802.171031224538,Paid
CL0056,2023-05-31,28802.171031224538,Paid
CL0056,2023-06-30,28802.171031224538,Paid
CL0056,2023-07-30,28802.171031224538,Paid
CL0056,2023-08-29,28802.171031224538,Paid
CL0056,2023-09-28,28802.171031224538,Paid
CL0056,2023-10-28,28802.171031224538,Paid
CL0056,2023-11-27,28802.171031224538,Paid
CL0056,2023-12-27,28802.171031224538,Paid
CL0056,2024-01-26,28802.171031224538,Paid
CL0056,2024-02-25,28802.171031224538,Missing
CL0056,2024-03-26,28802.171031224538,Paid
CL0056,2024-04-25,28802.171031224538,Paid
CL0056,2024-05-25,28802.171031224538,Paid
CL0056,2024-06-24,28802.171031224538,Paid
CL0056,2024-07-24,28802.171031224538,Paid
CL0056,2024-08-23,28802.171031224538,Paid
CL0056,2024-09-22,28802.171031224538,Paid
CL0056,2024-10-22,28802.171031224538,Paid
CL0056,2024-11-21,28802.171031224538,Paid
CL0056,2024-12-21,28802.171031224538,Paid
CL0056,2025-01-20,28802.171031224538,Paid
CL0056,2025-02-19,28802.171031224538,Paid
CL0056,2025-03-21,28802.171031224538,Paid
CL0056,2025-04-20,28802.171031224538,Paid
CL0056,2025-05-20,28802.171031224538,Paid
CL0056,2025-06-19,28802.171031224538,Paid
CL0056,2025-07-19,28802.171031224538,Paid
CL0056,2025-08-18,28802.171031224538,Paid
CL0056,2025-09-17,28802.171031224538,Paid
CL0056,2025-10-17,28802.171031224538,Missing
CL0056,2025-11-16,28802.171031224538,Paid
CL0057,2023-01-01,47258.04643308033,Paid
CL0057,2023-01-31,47258.04643308033,Paid
CL0057,2023-03-02,47258.04643308033,Missing
CL0057,2023-04-01,47258.04643308033,Paid
CL0057,2023-05-01,47258.04643308033,Paid
CL0057,2023-05-31,47258.04643308033,Paid
CL0057,2023-06-30,47258.04643308033,Paid
CL0057,2023-07-30,47258.04643308033,Paid
CL0057,2023-08-29,47258.04643308033,Missing
CL0057,2023-09-28,47258.04643308033,Paid
CL0057,2023-10-28,47258.04643308033,Paid
CL0057,2023-11-27,47258.04643308033,Paid
CL0057,2023-12-27,47258.04643308033,Missing
CL0057,2024-01-26,47258.04643308033,Paid
CL0057,2024-02-25,47258.04643308033,Paid
CL0057,2024-03-26,47258.04643308033,Paid
CL0057,2024-04-25,47258.04643308033,Paid
CL0057,2024-05-25,47258.04643308033,Paid
CL0057,2024-06-24,47258.04643308033,Missing
CL0057,2024-07-24,47258.04643308033,Missing
CL0057,2024-08-23,47258.04643308033,Paid
CL0057,2024-09-22,47258.04643308033,Paid
CL0057,2024-10-22,47258.04643308033,Missing
CL0057,2024-11-21,47258.04643308033,Paid
CL0057,2024-12-21,47258.04643308033,Missing
CL0057,2025-01-20,47258.04643308033,Paid
CL0057,2025-02-19,47258.04643308033,Paid
CL0057,2025-03-21,47258.04643308033,Paid
CL0057,2025-04-20,47258.04643308033,Paid
CL0057,2025-05-20,47258.04643308033,Paid
CL0057,2025-06-19,47258.04643308033,Paid
CL0057,2025-07-19,47258.04643308033,Paid
CL0057,2025-08-18,47258.04643308033,Paid
CL0057,2025-09-17,47258.04643308033,Missing
CL0057,2025-10-17,47258.04643308033,Paid
CL0057,2025-11-16,47258.04643308033,Paid
CL0058,2023-01-01,40945.24560981494,Paid
CL0058,2023-01-31,40945.24560981494,Paid
CL0058,2023-03-02,40945.24560981494,Paid
CL0058,2023-04-01,40945.24560981494,Paid
CL0058,2023-05-01,40945.24560981494,Paid
CL0058,2023-05-31,40945.24560981494,Paid
CL0058,2023-06-30,40945.24560981494,Paid
CL0058,2023-07-30,40945.24560981494,Paid
CL0058,2023-08-29,40945.24560981494,Missing
CL0058,2023-09-28,40945.24560981494,Paid
CL0058,2023-10-28,40945.24560981494,Paid
CL0058,2023-11-27,40945.24560981494,Missing
CL0058,2023-12-27,40945.24560981494,Paid
CL0058,2024-01-26,40945.24560981494,Paid
CL0058,2024-02-25,40945.24560981494,Paid
CL0058,2024-03-26,40945.24560981494,Paid
CL0058,2024-04-25,40945.24560981494,Paid
CL0058,2024-05-25,40945.24560981494,Missing
CL0058,2024-06-24,40945.24560981494,Paid
CL0058,2024-07-24,40945.24560981494,Paid
CL0058,2024-08-23,40945.24560981494,Paid
CL0058,2024-09-22,40945.24560981494,Missing
CL0058,2024-10-22,40945.24560981494,Paid
CL0058,2024-11-21,40945.24560981494,Paid
CL0058,2024-12-21,40945.24560981494,Paid
CL0058,2025-01-20,40945.24560981494,Paid
CL0058,2025-02-19,40945.24560981494,Paid
CL0058,2025-03-21,40945.24560981494,Paid
CL0058,2025-04-20,40945.24560981494,Paid
CL0058,2025-05-20,40945.24560981494,Paid
CL0058,2025-06-19,40945.24560981494,Paid
CL0058,2025-07-19,40945.24560981494,Missing
CL0058,2025-08-18,40945.24560981494,Paid
CL0058,2025-09-17,40945.24560981494,Missing
CL0058,2025-10-17,40945.24560981494,Paid
CL0058,2025-11-16,40945.24560981494,Paid
CL0059,2023-01-01,49907.03497400018,Paid
CL0059,2023-01-31,49907.03497400018,Paid
CL0059,2023-03-02,49907.03497400018,Paid
CL0059,2023-04-01,49907.03497400018,Paid
CL0059,2023-05-01,49907.03497400018,Paid
CL0059,2023-05-31,49907.03497400018,Paid
CL0059,2023-06-30,49907.03497400018,Missing
CL0059,2023-07-30,49907.03497400018,Paid
CL0059,2023-08-29,49907.03497400018,Paid
CL0059,2023-09-28,49907.03497400018,Paid
CL0059,2023-10-28,49907.03497400018,Paid
CL0059,2023-11-27,49907.03497400018,Missing
CL0059,2023-12-27,49907.03497400018,Paid
CL0059,2024-01-26,49907.03497400018,Paid
CL0059,2024-02-25,49907.03497400018,Paid
CL0059,2024-03-26,49907.03497400018,Paid
CL0059,2024-04-25,49907.03497400018,Paid
CL0059,2024-05-25,49907.03497400018,Missing
CL0059,2024-06-24,49907.03497400018,Paid
CL0059,2024-07-24,49907.03497400018,Paid
CL0059,2024-08-23,49907.03497400018,Paid
CL0059,2024-09-22,49907.03497400018,Paid
CL0059,2024-10-22,49907.03497400018,Paid
CL0059,2024-11-21,49907.03497400018,Paid
CL0059,2024-12-21,49907.03497400018,Paid
CL0059,2025-01-20,49907.03497400018,Paid
CL0059,2025-02-19,49907.03497400018,Paid
CL0059,2025-03-21,49907.03497400018,Paid
CL0059,2025-04-20,49907.03497400018,Paid
CL0059,2025-05-20,49907.03497400018,Paid
CL0059,2025-06-19,49907.03497400018,Paid
CL0059,2025-07-19,49907.03497400018,Paid
CL0059,2025-08-18,49907.03497400018,Paid
CL0059,2025-09-17,49907.03497400018,Paid
CL0059,2025-10-17,49907.03497400018,Paid
CL0059,2025-11-16,49907.03497400018,Paid
CL0060,2023-01-01,20782.03169532696,Paid
CL0060,2023-01-31,20782.03169532696,Paid
CL0060,2023-03-02,20782.03169532696,Paid
CL0060,2023-04-01,20782.03169532696,Paid
CL0060,2023-05-01,20782.03169532696,Missing
CL0060,2023-05-31,20782.03169532696,Paid
CL0060,2023-06-30,20782.03169532696,Paid
CL0060,2023-07-30,20782.03169532696,Missing
CL0060,2023-08-29,20782.03169532696,Paid
CL0060,2023-09-28,20782.03169532696,Paid
CL0060,2023-10-28,20782.03169532696,Paid
CL0060,2023-11-27,20782.03169532696,Paid
CL0060,2023-12-27,20782.03169532696,Missing
CL0060,2024-01-26,20782.03169532696,Paid
CL0060,2024-02-25,20782.03169532696,Paid
CL0060,2024-03-26,20782.03169532696,Paid
CL0060,2024-04-25,20782.03169532696,Paid
CL0060,2024-05-25,20782.03169532696,Paid
CL0060,2024-06-24,20782.03169532696,Missing
CL0060,2024-07-24,20782.03169532696,Paid
CL0060,2024-08-23,20782.03169532696,Paid
CL0060,2024-09-22,20782.03169532696,Paid
CL0060,2024-10-22,20782.03169532696,Paid
CL0060,2024-11-21,20782.03169532696,Paid
CL0060,2024-12-21,20782.03169532696,Paid
CL0060,2025-01-20,20782.03169532696,Paid
CL0060,2025-02-19,20782.03169532696,Paid
CL0060,2025-03-21,20782.03169532696,Paid
CL0060,2025-04-20,20782.03169532696,Paid
CL0060,2025-05-20,20782.03169532696,Paid
CL0060,2025-06-19,20782.03169532696,Paid
CL0060,2025-07-19,20782.03169532696,Missing
CL0060,2025-08-18,20782.03169532696,Paid
CL0060,2025-09-17,20782.03169532696,Paid
CL0060,2025-10-17,20782.03169532696,Paid
CL0060,2025-11-16,20782.03169532696,Paid
CL0061,2023-01-01,39523.47300190071,Paid
CL0061,2023-01-31,39523.47300190071,Paid
CL0061,2023-03-02,39523.47300190071,Paid
CL0061,2023-04-01,39523.47300190071,Paid
CL0061,2023-05-01,39523.47300190071,Paid
CL0061,2023-05-31,39523.47300190071,Paid
CL0061,2023-06-30,39523.47300190071,Paid
CL0061,2023-07-30,39523.47300190071,Paid
CL0061,2023-08-29,39523.47300190071,Paid
CL0061,2023-09-28,39523.47300190071,Paid
CL0061,2023-10-28,39523.47300190071,Paid
CL0061,2023-11-27,39523.47300190071,Paid
CL0061,2023-12-27,39523.47300190071,Paid
CL0061,2024-01-26,39523.47300190071,Paid
CL0061,2024-02-25,39523.47300190071,Paid
CL0061,2024-03-26,39523.47300190071,Paid
CL0061,2024-04-25,39523.47300190071,Paid
CL0061,2024-05-25,39523.47300190071,Missing
CL0061,2024-06-24,39523.47300190071,Paid
CL0061,2024-07-24,39523.47300190071,Paid
CL0061,2024-08-23,39523.47300190071,Paid
CL0061,2024-09-22,39523.47300190071,Missing
CL0061,2024-10-22,39523.47300190071,Paid
CL0061,2024-11-21,39523.47300190071,Paid
CL0061,2024-12-21,39523.47300190071,Missing
CL0061,2025-01-20,39523.47300190071,Paid
CL0061,2025-02-19,39523.47300190071,Paid
CL0061,2025-03-21,39523.47300190071,Paid
CL0061,2025-04-20,39523.47300190071,Missing
CL0061,2025-05-20,39523.47300190071,Paid
CL0061,2025-06-19,39523.47300190071,Paid
CL0061,2025-07-19,39523.47300190071,Missing
CL0061,2025-08-18,39523.47300190071,Paid
CL0061,2025-09-17,39523.47300190071,Missing
CL0061,2025-10-17,39523.47300190071,Paid
CL0061,2025-11-16,39523.47300190071,Paid
CL0062,2023-01-01,23086.8911124159,Paid
CL0062,2023-01-31,23086.8911124159,Paid
CL0062,2023-03-02,23086.8911124159,Paid
CL0062,2023-04-01,23086.8911124159,Paid
CL0062,2023-05-01,23086.8911124159,Paid
CL0062,2023-05-31,23086.8911124159,Paid
CL0062,2023-06-30,23086.8911124159,Paid
CL0062,2023-07-30,23086.8911124159,Paid
CL0062,2023-08-29,23086.8911124159,Paid
CL0062,2023-09-28,23086.8911124159,Paid
CL0062,2023-10-28,23086.8911124159,Paid
CL0062,2023-11-27,23086.8911124159,Paid
CL0062,2023-12-27,23086.8911124159,Paid
CL0062,2024-01-26,23086.8911124159,Paid
CL0062,2024-02-25,23086.8911124159,Paid
CL0062,2024-03-26,23086.8911124159,Paid
CL0062,2024-04-25,23086.8911124159,Paid
CL0062,2024-05-25,23086.8911124159,Paid
CL0062,2024-06-24,23086.8911124159,Paid
CL0062,2024-07-24,23086.8911124159,Paid
CL0062,2024-08-23,23086.8911124159,Paid
CL0062,2024-09-22,23086.8911124159,Missing
CL0062,2024-10-22,23086.8911124159,Paid
CL0062,2024-11-21,23086.8911124159,Paid
CL0062,2024-12-21,23086.8911124159,Paid
CL0062,2025-01-20,23086.8911124159,Paid
CL0062,2025-02-19,23086.8911124159,Paid
CL0062,2025-03-21,23086.8911124159,Paid
CL0062,2025-04-20,23086.8911124159,Paid
CL0062,2025-05-20,23086.8911124159,Paid
CL0062,2025-06-19,23086.8911124159,Paid
CL0062,2025-07-19,23086.8911124159,Paid
CL0062,2025-08-18,23086.8911124159,Paid
CL0062,2025-09-17,23086.8911124159,Paid
CL0062,2025-10-17,23086.8911124159,Paid
CL0062,2025-11-16,23086.8911124159,Paid
CL0063,2023-01-01,26594.402913675895,Paid
CL0063,2023-01-31,26594.402913675895,Paid
CL0063,2023-03-02,26594.402913675895,Paid
CL0063,2023-04-01,26594.402913675895,Paid
CL0063,2023-05-01,26594.402913675895,Paid
CL0063,2023-05-31,26594.402913675895,Paid
CL0063,2023-06-30,26594.402913675895,Paid
CL0063,2023-07-30,26594.402913675895,Paid
CL0063,2023-08-29,26594.402913675895,Paid
CL0063,2023-09-28,26594.402913675895,Paid
CL0063,2023-10-28,26594.402913675895,Paid
CL0063,2023-11-27,26594.402913675895,Paid
CL0063,2023-12-27,26594.402913675895,Missing
CL0063,2024-01-26,26594.402913675895,Paid
CL0063,2024-02-25,26594.402913675895,Paid
CL0063,2024-03-26,26594.402913675895,Paid
CL0063,2024-04-25,26594.402913675895,Paid
CL0063,2024-05-25,26594.402913675895,Paid
CL0063,2024-06-24,26594.402913675895,Paid
CL0063,2024-07-24,26594.402913675895,Paid
CL0063,2024-08-23,26594.402913675895,Paid
CL0063,2024-09-22,26594.402913675895,Paid
CL0063,2024-10-22,26594.402913675895,Paid
CL0063,2024-11-21,26594.402913675895,Paid
CL0063,2024-12-21,26594.402913675895,Paid
CL0063,2025-01-20,26594.402913675895,Paid
CL0063,2025-02-19,26594.402913675895,Paid
CL0063,2025-03-21,26594.402913675895,Paid
CL0063,2025-04-20,26594.402913675895,Paid
CL0063,2025-05-20,26594.402913675895,Paid
CL0063,2025-06-19,26594.402913675895,Paid
CL0063,2025-07-19,26594.402913675895,Paid
CL0063,2025-08-18,26594.402913675895,Paid
CL0063,2025-09-17,26594.402913675895,Paid
CL0063,2025-10-17,26594.402913675895,Paid
CL0063,2025-11-16,26594.402913675895,Paid
CL0064,2023-01-01,33237.745844826655,Paid
CL0064,2023-01-31,33237.745844826655,Paid
CL0064,2023-03-02,33237.745844826655,Paid
CL0064,2023-04-01,33237.745844826655,Missing
CL0064,2023-05-01,33237.745844826655,Missing
CL0064,2023-05-31,33237.745844826655,Paid
CL0064,2023-06-30,33237.745844826655,Paid
CL0064,2023-07-30,33237.745844826655,Paid
CL0064,2023-08-29,33237.745844826655,Paid
CL0064,2023-09-28,33237.745844826655,Paid
CL0064,2023-10-28,33237.745844826655,Paid
CL0064,2023-11-27,33237.745844826655,Paid
CL0064,2023-12-27,33237.745844826655,Paid
CL0064,2024-01-26,33237.745844826655,Paid
CL0064,2024-02-25,33237.745844826655,Paid
CL0064,2024-03-26,33237.745844826655,Paid
CL0064,2024-04-25,33237.745844826655,Paid
CL0064,2024-05-25,33237.745844826655,Paid
CL0064,2024-06-24,33237.745844826655,Paid
CL0064,2024-07-24,33237.745844826655,Missing
CL0064,2024-08-23,33237.745844826655,Paid
CL0064,2024-09-22,33237.745844826655,Missing
CL0064,2024-10-22,33237.745844826655,Paid
CL0064,2024-11-21,33237.745844826655,Paid
CL0064,2024-12-21,33237.745844826655,Paid
CL0064,2025-01-20,33237.745844826655,Paid
CL0064,2025-02-19,33237.745844826655,Paid
CL0064,2025-03-21,33237.745844826655,Paid
CL0064,2025-04-20,33237.745844826655,Paid
CL0064,2025-05-20,33237.745844826655,Paid
CL0064,2025-06-19,33237.745844826655,Missing
CL0064,2025-07-19,33237.745844826655,Paid
CL0064,2025-08-18,33237.745844826655,Paid
CL0064,2025-09-17,33237.745844826655,Paid
CL0064,2025-10-17,33237.745844826655,Paid
CL0064,2025-11-16,33237.745844826655,Paid
CL0065,2023-01-01,44315.47013838525,Paid
CL0065,2023-01-31,44315.47013838525,Paid
CL0065,2023-03-02,44315.47013838525,Paid
CL0065,2023-04-01,44315.47013838525,Paid
CL0065,2023-05-01,44315.47013838525,Paid
CL0065,2023-05-31,44315.47013838525,Missing
CL0065,2023-06-30,44315.47013838525,Paid
CL0065,2023-07-30,44315.47013838525,Paid
CL0065,2023-08-29,44315.47013838525,Paid
CL0065,2023-09-28,44315.47013838525,Paid
CL0065,2023-10-28,44315.47013838525,Paid
CL0065,2023-11-27,44315.47013838525,Paid
CL0065,2023-12-27,44315.47013838525,Paid
CL0065,2024-01-26,44315.47013838525,Paid
CL0065,2024-02-25,44315.47013838525,Paid
CL0065,2024-03-26,44315.47013838525,Paid
CL0065,2024-04-25,44315.47013838525,Missing
CL0065,2024-05-25,44315.47013838525,Paid
CL0065,2024-06-24,44315.47013838525,Paid
CL0065,2024-07-24,44315.47013838525,Paid
CL0065,2024-08-23,44315.47013838525,Paid
CL0065,2024-09-22,44315.47013838525,Paid
CL0065,2024-10-22,44315.47013838525,Paid
CL0065,2024-11-21,44315.47013838525,Paid
CL0065,2024-12-21,44315.47013838525,Paid
CL0065,2025-01-20,44315.47013838525,Paid
CL0065,2025-02-19,44315.47013838525,Paid
CL0065,2025-03-21,44315.47013838525,Paid
CL0065,2025-04-20,44315.47013838525,Paid
CL0065,2025-05-20,44315.47013838525,Paid
CL0065,2025-06-19,44315.47013838525,Paid
CL0065,2025-07-19,44315.47013838525,Paid
CL0065,2025-08-18,44315.47013838525,Paid
CL0065,2025-09-17,44315.47013838525,Paid
CL0065,2025-10-17,44315.47013838525,Paid
CL0065,2025-11-16,44315.47013838525,Paid
CL0066,2023-01-01,49283.75611396828,Paid
CL0066,2023-01-31,49283.75611396828,Paid
CL0066,2023-03-02,49283.75611396828,Paid
CL0066,2023-04-01,49283.75611396828,Paid
CL0066,2023-05-01,49283.75611396828,Paid
CL0066,2023-05-31,49283.75611396828,Paid
CL0066,2023-06-30,49283.75611396828,Missing
CL0066,2023-07-30,49283.75611396828,Paid
CL0066,2023-08-29,49283.75611396828,Paid
CL0066,2023-09-28,49283.75611396828,Paid
CL0066,2023-10-28,49283.75611396828,Paid
CL0066,2023-11-27,49283.75611396828,Paid
CL0066,2023-12-27,49283.75611396828,Paid
CL0066,2024-01-26,49283.75611396828,Paid
CL0066,2024-02-25,49283.75611396828,Paid
CL0066,2024-03-26,49283.75611396828,Paid
CL0066,2024-04-25,49283.75611396828,Paid
CL0066,2024-05-25,49283.75611396828,Paid
CL0066,2024-06-24,49283.75611396828,Missing
CL0066,2024-07-24,49283.75611396828,Paid
CL0066,2024-08-23,49283.75611396828,Paid
CL0066,2024-09-22,49283.75611396828,Paid
CL0066,2024-10-22,49283.75611396828,Missing
CL0066,2024-11-21,49283.75611396828,Paid
CL0066,2024-12-21,49283.75611396828,Paid
CL0066,2025-01-20,49283.75611396828,Paid
CL0066,2025-02-19,49283.75611396828,Missing
CL0066,2025-03-21,49283.75611396828,Paid
CL0066,2025-04-20,49283.75611396828,Paid
CL0066,2025-05-20,49283.75611396828,Paid
CL0066,2025-06-19,49283.75611396828,Paid
CL0066,2025-07-19,49283.75611396828,Paid
CL0066,2025-08-18,49283.75611396828,Paid
CL0066,2025-09-17,49283.75611396828,Missing
CL0066,2025-10-17,49283.75611396828,Missing
CL0066,2025-11-16,49283.75611396828,Paid
CL0067,2023-01-01,39572.30362390332,Paid
CL0067,2023-01-31,39572.30362390332,Paid
CL0067,2023-03-02,39572.30362390332,Paid
CL0067,2023-04-01,39572.30362390332,Paid
CL0067,2023-05-01,39572.30362390332,Missing
CL0067,2023-05-31,39572.30362390332,Paid
CL0067,2023-06-30,39572.30362390332,Missing
CL0067,2023-07-30,39572.30362390332,Missing
CL0067,2023-08-29,39572.30362390332,Missing
CL0067,2023-09-28,39572.30362390332,Paid
CL0067,2023-10-28,39572.30362390332,Missing
CL0067,2023-11-27,39572.30362390332,Missing
CL0067,2023-12-27,39572.30362390332,Paid
CL0067,2024-01-26,39572.30362390332,Paid
CL0067,2024-02-25,39572.30362390332,Paid
CL0067,2024-03-26,39572.30362390332,Paid
CL0067,2024-04-25,39572.30362390332,Missing
CL0067,2024-05-25,39572.30362390332,Paid
CL0067,2024-06-24,39572.30362390332,Paid
CL0067,2024-07-24,39572.30362390332,Paid
CL0067,2024-08-23,39572.30362390332,Paid
CL0067,2024-09-22,39572.30362390332,Paid
CL0067,2024-10-22,39572.30362390332,Missing
CL0067,2024-11-21,39572.30362390332,Paid
CL0067,2024-12-21,39572.30362390332,Missing
CL0067,2025-01-20,39572.30362390332,Paid
CL0067,2025-02-19,39572.30362390332,Paid
CL0067,2025-03-21,39572.30362390332,Paid
CL0067,2025-04-20,39572.30362390332,Paid
CL0067,2025-05-20,39572.30362390332,Paid
CL0067,2025-06-19,39572.30362390332,Paid
CL0067,2025-07-19,39572.30362390332,Paid
CL0067,2025-08-18,39572.30362390332,Paid
CL0067,2025-09-17,39572.30362390332,Paid
CL0067,2025-10-17,39572.30362390332,Paid
CL0067,2025-11-16,39572.30362390332,Paid
CL0068,2023-01-01,23799.50519753002,Paid
CL0068,2023-01-31,23799.50519753002,Paid
CL0068,2023-03-02,23799.50519753002,Paid
CL0068,2023-04-01,23799.50519753002,Missing
CL0068,2023-05-01,23799.50519753002,Paid
CL0068,2023-05-31,23799.50519753002,Paid
CL0068,2023-06-30,23799.50519753002,Paid
CL0068,2023-07-30,23799.50519753002,Paid
CL0068,2023-08-29,23799.50519753002,Paid
CL0068,2023-09-28,23799.50519753002,Paid
CL0068,2023-10-28,23799.50519753002,Paid
CL0068,2023-11-27,23799.50519753002,Paid
CL0068,2023-12-27,23799.50519753002,Paid
CL0068,2024-01-26,23799.50519753002,Missing
CL0068,2024-02-25,23799.50519753002,Missing
CL0068,2024-03-26,23799.50519753002,Paid
CL0068,2024-04-25,23799.50519753002,Paid
CL0068,2024-05-25,23799.50519753002,Paid
CL0068,2024-06-24,23799.50519753002,Missing
CL0068,2024-07-24,23799.50519753002,Paid
CL0068,2024-08-23,23799.50519753002,Paid
CL0068,2024-09-22,23799.50519753002,Paid
CL0068,2024-10-22,23799.50519753002,Paid
CL0068,2024-11-21,23799.50519753002,Paid
CL0068,2024-12-21,23799.50519753002,Paid
CL0068,2025-01-20,23799.50519753002,Paid
CL0068,2025-02-19,23799.50519753002,Paid
CL0068,2025-03-21,23799.50519753002,Paid
CL0068,2025-04-20,23799.50519753002,Paid
CL0068,2025-05-20,23799.50519753002,Paid
CL0068,2025-06-19,23799.50519753002,Paid
CL0068,2025-07-19,23799.50519753002,Paid
CL0068,2025-08-18,23799.50519753002,Paid
CL0068,2025-09-17,23799.50519753002,Paid
CL0068,2025-10-17,23799.50519753002,Paid
CL0068,2025-11-16,23799.50519753002,Paid
CL0069,2023-01-01,23961.06510246816,Paid
CL0069,2023-01-31,23961.06510246816,Paid
CL0069,2023-03-02,23961.06510246816,Paid
CL0069,2023-04-01,23961.06510246816,Paid
CL0069,2023-05-01,23961.06510246816,Paid
CL0069,2023-05-31,23961.06510246816,Paid
CL0069,2023-06-30,23961.06510246816,Missing
CL0069,2023-07-30,23961.06510246816,Paid
CL0069,2023-08-29,23961.06510246816,Paid
CL0069,2023-09-28,23961.06510246816,Paid
CL0069,2023-10-28,23961.06510246816,Paid
CL0069,2023-11-27,23961.06510246816,Paid
CL0069,2023-12-27,23961.06510246816,Paid
CL0069,2024-01-26,23961.06510246816,Paid
CL0069,2024-02-25,23961.06510246816,Paid
CL0069,2024-03-26,23961.06510246816,Paid
CL0069,2024-04-25,23961.06510246816,Paid
CL0069,2024-05-25,23961.06510246816,Missing
CL0069,2024-06-24,23961.06510246816,Missing
CL0069,2024-07-24,23961.06510246816,Paid
CL0069,2024-08-23,23961.06510246816,Paid
CL0069,2024-09-22,23961.06510246816,Paid
CL0069,2024-10-22,23961.06510246816,Missing
CL0069,2024-11-21,23961.06510246816,Paid
CL0069,2024-12-21,23961.06510246816,Paid
CL0069,2025-01-20,23961.06510246816,Paid
CL0069,2025-02-19,23961.06510246816,Paid
CL0069,2025-03-21,23961.06510246816,Paid
CL0069,2025-04-20,23961.06510246816,Paid
CL0069,2025-05-20,23961.06510246816,Paid
CL0069,2025-06-19,23961.06510246816,Paid
CL0069,2025-07-19,23961.06510246816,Paid
CL0069,2025-08-18,23961.06510246816,Paid
CL0069,2025-09-17,23961.06510246816,Paid
CL0069,2025-10-17,23961.06510246816,Paid
CL0069,2025-11-16,23961.06510246816,Paid
CL0070,2023-01-01,38191.20357150012,Paid
CL0070,2023-01-31,38191.20357150012,Paid
CL0070,2023-03-02,38191.20357150012,Paid
CL0070,2023-04-01,38191.20357150012,Paid
CL0070,2023-05-01,38191.20357150012,Paid
CL0070,2023-05-31,38191.20357150012,Paid
CL0070,2023-06-30,38191.20357150012,Missing
CL0070,2023-07-30,38191.20357150012,Paid
CL0070,2023-08-29,38191.20357150012,Paid
CL0070,2023-09-28,38191.20357150012,Paid
CL0070,2023-10-28,38191.20357150012,Paid
CL0070,2023-11-27,38191.20357150012,Paid
CL0070,2023-12-27,38191.20357150012,Paid
CL0070,2024-01-26,38191.20357150012,Paid
CL0070,2024-02-25,38191.20357150012,Paid
CL0070,2024-03-26,38191.20357150012,Paid
CL0070,2024-04-25,38191.20357150012,Paid
CL0070,2024-05-25,38191.20357150012,Paid
CL0070,2024-06-24,38191.20357150012,Paid
CL0070,2024-07-24,38191.20357150012,Paid
CL0070,2024-08-23,38191.20357150012,Paid
CL0070,2024-09-22,38191.20357150012,Paid
CL0070,2024-10-22,38191.20357150012,Paid
CL0070,2024-11-21,38191.20357150012,Paid
CL0070,2024-12-21,38191.20357150012,Paid
CL0070,2025-01-20,38191.20357150012,Paid
CL0070,2025-02-19,38191.20357150012,Paid
CL0070,2025-03-21,38191.20357150012,Paid
CL0070,2025-04-20,38191.20357150012,Missing
CL0070,2025-05-20,38191.20357150012,Paid
CL0070,2025-06-19,38191.20357150012,Paid
CL0070,2025-07-19,38191.20357150012,Paid
CL0070,2025-08-18,38191.20357150012,Paid
CL0070,2025-09-17,38191.20357150012,Paid
CL0070,2025-10-17,38191.20357150012,Missing
CL0070,2025-11-16,38191.20357150012,Paid
CL0071,2023-01-01,15744.971559573603,Paid
CL0071,2023-01-31,15744.971559573603,Paid
CL0071,2023-03-02,15744.971559573603,Paid
CL0071,2023-04-01,15744.971559573603,Paid
CL0071,2023-05-01,15744.971559573603,Paid
CL0071,2023-05-31,15744.971559573603,Paid
CL0071,2023-06-30,15744.971559573603,Paid
CL0071,2023-07-30,15744.971559573603,Paid
CL0071,2023-08-29,15744.971559573603,Missing
CL0071,2023-09-28,15744.971559573603,Paid
CL0071,2023-10-28,15744.971559573603,Paid
CL0071,2023-11-27,15744.971559573603,Missing
CL0071,2023-12-27,15744.971559573603,Paid
CL0071,2024-01-26,15744.971559573603,Paid
CL0071,2024-02-25,15744.971559573603,Paid
CL0071,2024-03-26,15744.971559573603,Paid
CL0071,2024-04-25,15744.971559573603,Paid
CL0071,2024-05-25,15744.971559573603,Paid
CL0071,2024-06-24,15744.971559573603,Paid
CL0071,2024-07-24,15744.971559573603,Paid
CL0071,2024-08-23,15744.971559573603,Paid
CL0071,2024-09-22,15744.971559573603,Paid
CL0071,2024-10-22,15744.971559573603,Paid
CL0071,2024-11-21,15744.971559573603,Paid
CL0071,2024-12-21,15744.971559573603,Paid
CL0071,2025-01-20,15744.971559573603,Paid
CL0071,2025-02-19,15744.971559573603,Missing
CL0071,2025-03-21,15744.971559573603,Paid
CL0071,2025-04-20,15744.971559573603,Paid
CL0071,2025-05-20,15744.971559573603,Missing
CL0071,2025-06-19,15744.971559573603,Paid
CL0071,2025-07-19,15744.971559573603,Paid
CL0071,2025-08-18,15744.971559573603,Paid
CL0071,2025-09-17,15744.971559573603,Paid
CL0071,2025-10-17,15744.971559573603,Paid
CL0071,2025-11-16,15744.971559573603,Paid
CL0072,2023-01-01,9971.335090912758,Missing
CL0072,2023-01-31,9971.335090912758,Paid
CL0072,2023-03-02,9971.335090912758,Paid
CL0072,2023-04-01,9971.335090912758,Paid
CL0072,2023-05-01,9971.335090912758,Paid
CL0072,2023-05-31,9971.335090912758,Paid
CL0072,2023-06-30,9971.335090912758,Paid
CL0072,2023-07-30,9971.335090912758,Paid
CL0072,2023-08-29,9971.335090912758,Paid
CL0072,2023-09-28,9971.335090912758,Paid
CL0072,2023-10-28,9971.335090912758,Paid
CL0072,2023-11-27,9971.335090912758,Paid
CL0072,2023-12-27,9971.335090912758,Paid
CL0072,2024-01-26,9971.335090912758,Paid
CL0072,2024-02-25,9971.335090912758,Paid
CL0072,2024-03-26,9971.335090912758,Paid
CL0072,2024-04-25,9971.335090912758,Paid
CL0072,2024-05-25,9971.335090912758,Paid
CL0072,2024-06-24,9971.335090912758,Paid
CL0072,2024-07-24,9971.335090912758,Paid
CL0072,2024-08-23,9971.335090912758,Paid
CL0072,2024-09-22,9971.335090912758,Paid
CL0072,2024-10-22,9971.335090912758,Paid
CL0072,2024-11-21,9971.335090912758,Paid
CL0072,2024-12-21,9971.335090912758,Missing
CL0072,2025-01-20,9971.335090912758,Missing
CL0072,2025-02-19,9971.335090912758,Paid
CL0072,2025-03-21,9971.335090912758,Paid
CL0072,2025-04-20,9971.335090912758,Paid
CL0072,2025-05-20,9971.335090912758,Missing
CL0072,2025-06-19,9971.335090912758,Missing
CL0072,2025-07-19,9971.335090912758,Paid
CL0072,2025-08-18,9971.335090912758,Paid
CL0072,2025-09-17,9971.335090912758,Paid
CL0072,2025-10-17,9971.335090912758,Paid
CL0072,2025-11-16,9971.335090912758,Paid
CL0073,2023-01-01,20957.997093834943,Missing
CL0073,2023-01-31,20957.997093834943,Paid
CL0073,2023-03-02,20957.997093834943,Missing
CL0073,2023-04-01,20957.997093834943,Paid
CL0073,2023-05-01,20957.997093834943,Paid
CL0073,2023-05-31,20957.997093834943,Paid
CL0073,2023-06-30,20957.997093834943,Paid
CL0073,2023-07-30,20957.997093834943,Paid
CL0073,2023-08-29,20957.997093834943,Paid
CL0073,2023-09-28,20957.997093834943,Paid
CL0073,2023-10-28,20957.997093834943,Paid
CL0073,2023-11-27,20957.997093834943,Paid
CL0073,2023-12-27,20957.997093834943,Paid
CL0073,2024-01-26,20957.997093834943,Paid
CL0073,2024-02-25,20957.997093834943,Paid
CL0073,2024-03-26,20957.997093834943,Paid
CL0073,2024-04-25,20957.997093834943,Paid
CL0073,2024-05-25,20957.997093834943,Paid
CL0073,2024-06-24,20957.997093834943,Paid
CL0073,2024-07-24,20957.997093834943,Paid
CL0073,2024-08-23,20957.997093834943,Paid
CL0073,2024-09-22,20957.997093834943,Paid
CL0073,2024-10-22,20957.997093834943,Paid
CL0073,2024-11-21,20957.997093834943,Paid
CL0073,2024-12-21,20957.997093834943,Paid
CL0073,2025-01-20,20957.997093834943,Missing
CL0073,2025-02-19,20957.997093834943,Paid
CL0073,2025-03-21,20957.997093834943,Missing
CL0073,2025-04-20,20957.997093834943,Paid
CL0073,2025-05-20,20957.997093834943,Paid
CL0073,2025-06-19,20957.997093834943,Paid
CL0073,2025-07-19,20957.997093834943,Paid
CL0073,2025-08-18,20957.997093834943,Paid
CL0073,2025-09-17,20957.997093834943,Missing
CL0073,2025-10-17,20957.997093834943,Paid
CL0073,2025-11-16,20957.997093834943,Paid
CL0074,2023-01-01,17925.754624433677,Paid
CL0074,2023-01-31,17925.754624433677,Paid
CL0074,2023-03-02,17925.754624433677,Paid
CL0074,2023-04-01,17925.754624433677,Paid
CL0074,2023-05-01,17925.754624433677,Missing
CL0074,2023-05-31,17925.754624433677,Paid
CL0074,2023-06-30,17925.754624433677,Paid
CL0074,2023-07-30,17925.754624433677,Missing
CL0074,2023-08-29,17925.754624433677,Paid
CL0074,2023-09-28,17925.754624433677,Paid
CL0074,2023-10-28,17925.754624433677,Paid
CL0074,2023-11-27,17925.754624433677,Missing
CL0074,2023-12-27,17925.754624433677,Paid
CL0074,2024-01-26,17925.754624433677,Paid
CL0074,2024-02-25,17925.754624433677,Paid
CL0074,2024-03-26,17925.754624433677,Paid
CL0074,2024-04-25,17925.754624433677,Paid
CL0074,2024-05-25,17925.754624433677,Paid
CL0074,2024-06-24,17925.754624433677,Paid
CL0074,2024-07-24,17925.754624433677,Paid
CL0074,2024-08-23,17925.754624433677,Paid
CL0074,2024-09-22,17925.754624433677,Paid
CL0074,2024-10-22,17925.754624433677,Paid
CL0074,2024-11-21,17925.754624433677,Paid
CL0074,2024-12-21,17925.754624433677,Paid
CL0074,2025-01-20,17925.754624433677,Paid
CL0074,2025-02-19,17925.754624433677,Paid
CL0074,2025-03-21,17925.754624433677,Paid
CL0074,2025-04-20,17925.754624433677,Paid
CL0074,2025-05-20,17925.754624433677,Paid
CL0074,2025-06-19,17925.754624433677,Paid
CL0074,2025-07-19,17925.754624433677,Paid
CL0074,2025-08-18,17925.754624433677,Paid
CL0074,2025-09-17,17925.754624433677,Paid
CL0074,2025-10-17,17925.754624433677,Paid
CL0074,2025-11-16,17925.754624433677,Paid
CL0075,2023-01-01,18333.86542051956,Paid
CL0075,2023-01-31,18333.86542051956,Paid
CL0075,2023-03-02,18333.86542051956,Paid
CL0075,2023-04-01,18333.86542051956,Paid
CL0075,2023-05-01,18333.86542051956,Paid
CL0075,2023-05-31,18333.86542051956,Paid
CL0075,2023-06-30,18333.86542051956,Paid
CL0075,2023-07-30,18333.86542051956,Paid
CL0075,2023-08-29,18333.86542051956,Paid
CL0075,2023-09-28,18333.86542051956,Paid
CL0075,2023-10-28,18333.86542051956,Paid
CL0075,2023-11-27,18333.86542051956,Paid
CL0075,2023-12-27,18333.86542051956,Missing
CL0075,2024-01-26,18333.86542051956,Paid
CL0075,2024-02-25,18333.86542051956,Paid
CL0075,2024-03-26,18333.86542051956,Paid
CL0075,2024-04-25,18333.86542051956,Paid
CL0075,2024-05-25,18333.86542051956,Paid
CL0075,2024-06-24,18333.86542051956,Paid
CL0075,2024-07-24,18333.86542051956,Paid
CL0075,2024-08-23,18333.86542051956,Paid
CL0075,2024-09-22,18333.86542051956,Paid
CL0075,2024-10-22,18333.86542051956,Paid
CL0075,2024-11-21,18333.86542051956,Paid
CL0075,2024-12-21,18333.86542051956,Paid
CL0075,2025-01-20,18333.86542051956,Missing
CL0075,2025-02-19,18333.86542051956,Paid
CL0075,2025-03-21,18333.86542051956,Paid
CL0075,2025-04-20,18333.86542051956,Paid
CL0075,2025-05-20,18333.86542051956,Paid
CL0075,2025-06-19,18333.86542051956,Paid
CL0075,2025-07-19,18333.86542051956,Paid
CL0075,2025-08-18,18333.86542051956,Paid
CL0075,2025-09-17,18333.86542051956,Paid
CL0075,2025-10-17,18333.86542051956,Paid
CL0075,2025-11-16,18333.86542051956,Paid
CL0076,2023-01-01,15512.348797245948,Paid
CL0076,2023-01-31,15512.348797245948,Paid
CL0076,2023-03-02,15512.348797245948,Paid
CL0076,2023-04-01,15512.348797245948,Paid
CL0076,2023-05-01,15512.348797245948,Paid
CL0076,2023-05-31,15512.348797245948,Paid
CL0076,2023-06-30,15512.348797245948,Missing
CL0076,2023-07-30,15512.348797245948,Missing
CL0076,2023-08-29,15512.348797245948,Paid
CL0076,2023-09-28,15512.348797245948,Paid
CL0076,2023-10-28,15512.348797245948,Paid
CL0076,2023-11-27,15512.348797245948,Paid
CL0076,2023-12-27,15512.348797245948,Paid
CL0076,2024-01-26,15512.348797245948,Paid
CL0076,2024-02-25,15512.348797245948,Paid
CL0076,2024-03-26,15512.348797245948,Paid
CL0076,2024-04-25,15512.348797245948,Paid
CL0076,2024-05-25,15512.348797245948,Paid
CL0076,2024-06-24,15512.348797245948,Paid
CL0076,2024-07-24,15512.348797245948,Paid
CL0076,2024-08-23,15512.348797245948,Paid
CL0076,2024-09-22,15512.348797245948,Paid
CL0076,2024-10-22,15512.348797245948,Paid
CL0076,2024-11-21,15512.348797245948,Paid
CL0076,2024-12-21,15512.348797245948,Missing
CL0076,2025-01-20,15512.348797245948,Paid
CL0076,2025-02-19,15512.348797245948,Missing
CL0076,2025-03-21,15512.348797245948,Paid
CL0076,2025-04-20,15512.348797245948,Paid
CL0076,2025-05-20,15512.348797245948,Paid
CL0076,2025-06-19,15512.348797245948,Paid
CL0076,2025-07-19,15512.348797245948,Missing
CL0076,2025-08-18,15512.348797245948,Paid
CL0076,2025-09-17,15512.348797245948,Paid
CL0076,2025-10-17,15512.348797245948,Paid
CL0076,2025-11-16,15512.348797245948,Paid
CL0077,2023-01-01,6894.193533636285,Paid
CL0077,2023-01-31,6894.193533636285,Missing
CL0077,2023-03-02,6894.193533636285,Paid
CL0077,2023-04-01,6894.193533636285,Paid
CL0077,2023-05-01,6894.193533636285,Paid
CL0077,2023-05-31,6894.193533636285,Paid
CL0077,2023-06-30,6894.193533636285,Paid
CL0077,2023-07-30,6894.193533636285,Paid
CL0077,2023-08-29,6894.193533636285,Paid
CL0077,2023-09-28,6894.193533636285,Paid
CL0077,2023-10-28,6894.193533636285,Paid
CL0077,2023-11-27,6894.193533636285,Paid
CL0077,2023-12-27,6894.193533636285,Paid
CL0077,2024-01-26,6894.193533636285,Paid
CL0077,2024-02-25,6894.193533636285,Paid
CL0077,2024-03-26,6894.193533636285,Paid
CL0077,2024-04-25,6894.193533636285,Paid
CL0077,2024-05-25,6894.193533636285,Paid
CL0077,2024-06-24,6894.193533636285,Paid
CL0077,2024-07-24,6894.193533636285,Missing
CL0077,2024-08-23,6894.193533636285,Paid
CL0077,2024-09-22,6894.193533636285,Paid
CL0077,2024-10-22,6894.193533636285,Paid
CL0077,2024-11-21,6894.193533636285,Paid
CL0077,2024-12-21,6894.193533636285,Paid
CL0077,2025-01-20,6894.193533636285,Paid
CL0077,2025-02-19,6894.193533636285,Paid
CL0077,2025-03-21,6894.193533636285,Paid
CL0077,2025-04-20,6894.193533636285,Paid
CL0077,2025-05-20,6894.193533636285,Missing
CL0077,2025-06-19,6894.193533636285,Paid
CL0077,2025-07-19,6894.193533636285,Missing
CL0077,2025-08-18,6894.193533636285,Paid
CL0077,2025-09-17,6894.193533636285,Paid
CL0077,2025-10-17,6894.193533636285,Paid
CL0077,2025-11-16,6894.193533636285,Paid
CL0078,2023-01-01,5804.327063003621,Paid
CL0078,2023-01-31,5804.327063003621,Paid
CL0078,2023-03-02,5804.327063003621,Paid
CL0078,2023-04-01,5804.327063003621,Paid
CL0078,2023-05-01,5804.327063003621,Paid
CL0078,2023-05-31,5804.327063003621,Paid
CL0078,2023-06-30,5804.327063003621,Paid
CL0078,2023-07-30,5804.327063003621,Paid
CL0078,2023-08-29,5804.327063003621,Paid
CL0078,2023-09-28,5804.327063003621,Paid
CL0078,2023-10-28,5804.327063003621,Paid
CL0078,2023-11-27,5804.327063003621,Paid
CL0078,2023-12-27,5804.327063003621,Paid
CL0078,2024-01-26,5804.327063003621,Paid
CL0078,2024-02-25,5804.327063003621,Paid
CL0078,2024-03-26,5804.327063003621,Paid
CL0078,2024-04-25,5804.327063003621,Paid
CL0078,2024-05-25,5804.327063003621,Paid
CL0078,2024-06-24,5804.327063003621,Paid
CL0078,2024-07-24,5804.327063003621,Paid
CL0078,2024-08-23,5804.327063003621,Paid
CL0078,2024-09-22,5804.327063003621,Paid
CL0078,2024-10-22,5804.327063003621,Missing
CL0078,2024-11-21,5804.327063003621,Paid
CL0078,2024-12-21,5804.327063003621,Paid
CL0078,2025-01-20,5804.327063003621,Paid
CL0078,2025-02-19,5804.327063003621,Paid
CL0078,2025-03-21,5804.327063003621,Paid
CL0078,2025-04-20,5804.327063003621,Paid
CL0078,2025-05-20,5804.327063003621,Paid
CL0078,2025-06-19,5804.327063003621,Paid
CL0078,2025-07-19,5804.327063003621,Paid
CL0078,2025-08-18,5804.327063003621,Paid
CL0078,2025-09-17,5804.327063003621,Paid
CL0078,2025-10-17,5804.327063003621,Paid
CL0078,2025-11-16,5804.327063003621,Missing
CL0079,2023-01-01,49447.50753812142,Paid
CL0079,2023-01-31,49447.50753812142,Paid
CL0079,2023-03-02,49447.50753812142,Paid
CL0079,2023-04-01,49447.50753812142,Missing
CL0079,2023-05-01,49447.50753812142,Paid
CL0079,2023-05-31,49447.50753812142,Paid
CL0079,2023-06-30,49447.50753812142,Paid
CL0079,2023-07-30,49447.50753812142,Paid
CL0079,2023-08-29,49447.50753812142,Paid
CL0079,2023-09-28,49447.50753812142,Paid
CL0079,2023-10-28,49447.50753812142,Missing
CL0079,2023-11-27,49447.50753812142,Paid
CL0079,2023-12-27,49447.50753812142,Missing
CL0079,2024-01-26,49447.50753812142,Paid
CL0079,2024-02-25,49447.50753812142,Paid
CL0079,2024-03-26,49447.50753812142,Paid
CL0079,2024-04-25,49447.50753812142,Paid
CL0079,2024-05-25,49447.50753812142,Paid
CL0079,2024-06-24,49447.50753812142,Paid
CL0079,2024-07-24,49447.50753812142,Paid
CL0079,2024-08-23,49447.50753812142,Missing
CL0079,2024-09-22,49447.50753812142,Paid
CL0079,2024-10-22,49447.50753812142,Paid
CL0079,2024-11-21,49447.50753812142,Paid
CL0079,2024-12-21,49447.50753812142,Paid
CL0079,2025-01-20,49447.50753812142,Missing
CL0079,2025-02-19,49447.50753812142,Paid
CL0079,2025-03-21,49447.50753812142,Paid
CL0079,2025-04-20,49447.50753812142,Paid
CL0079,2025-05-20,49447.50753812142,Paid
CL0079,2025-06-19,49447.50753812142,Missing
CL0079,2025-07-19,49447.50753812142,Missing
CL0079,2025-08-18,49447.50753812142,Missing
CL0079,2025-09-17,49447.50753812142,Paid
CL0079,2025-10-17,49447.50753812142,Paid
CL0079,2025-11-16,49447.50753812142,Paid
CL0080,2023-01-01,24249.791018113807,Paid
CL0080,2023-01-31,24249.791018113807,Paid
CL0080,2023-03-02,24249.791018113807,Paid
CL0080,2023-04-01,24249.791018113807,Paid
CL0080,2023-05-01,24249.791018113807,Paid
CL0080,2023-05-31,24249.791018113807,Missing
CL0080,2023-06-30,24249.791018113807,Paid
CL0080,2023-07-30,24249.791018113807,Paid
CL0080,2023-08-29,24249.791018113807,Paid
CL0080,2023-09-28,24249.791018113807,Paid
CL0080,2023-10-28,24249.791018113807,Paid
CL0080,2023-11-27,24249.791018113807,Paid
CL0080,2023-12-27,24249.791018113807,Paid
CL0080,2024-01-26,24249.791018113807,Paid
CL0080,2024-02-25,24249.791018113807,Missing
CL0080,2024-03-26,24249.791018113807,Paid
CL0080,2024-04-25,24249.791018113807,Paid
CL0080,2024-05-25,24249.791018113807,Paid
CL0080,2024-06-24,24249.791018113807,Paid
CL0080,2024-07-24,24249.791018113807,Paid
CL0080,2024-08-23,24249.791018113807,Missing
CL0080,2024-09-22,24249.791018113807,Paid
CL0080,2024-10-22,24249.791018113807,Paid
CL0080,2024-11-21,24249.791018113807,Paid
CL0080,2024-12-21,24249.791018113807,Paid
CL0080,2025-01-20,24249.791018113807,Paid
CL0080,2025-02-19,24249.791018113807,Paid
CL0080,2025-03-21,24249.791018113807,Paid
CL0080,2025-04-20,24249.791018113807,Paid
CL0080,2025-05-20,24249.791018113807,Missing
CL0080,2025-06-19,24249.791018113807,Paid
CL0080,2025-07-19,24249.791018113807,Paid
CL0080,2025-08-18,24249.791018113807,Paid
CL0080,2025-09-17,24249.791018113807,Paid
CL0080,2025-10-17,24249.791018113807,Missing
CL0080,2025-11-16,24249.791018113807,Paid
CL0081,2023-01-01,22294.69912218568,Paid
CL0081,2023-01-31,22294.69912218568,Paid
CL0081,2023-03-02,22294.69912218568,Paid
CL0081,2023-04-01,22294.69912218568,Paid
CL0081,2023-05-01,22294.69912218568,Paid
CL0081,2023-05-31,22294.69912218568,Missing
CL0081,2023-06-30,22294.69912218568,Paid
CL0081,2023-07-30,22294.69912218568,Paid
CL0081,2023-08-29,22294.69912218568,Paid
CL0081,2023-09-28,22294.69912218568,Paid
CL0081,2023-10-28,22294.69912218568,Paid
CL0081,2023-11-27,22294.69912218568,Paid
CL0081,2023-12-27,22294.69912218568,Paid
CL0081,2024-01-26,22294.69912218568,Paid
CL0081,2024-02-25,22294.69912218568,Paid
CL0081,2024-03-26,22294.69912218568,Paid
CL0081,2024-04-25,22294.69912218568,Paid
CL0081,2024-05-25,22294.69912218568,Missing
CL0081,2024-06-24,22294.69912218568,Paid
CL0081,2024-07-24,22294.69912218568,Paid
CL0081,2024-08-23,22294.69912218568,Paid
CL0081,2024-09-22,22294.69912218568,Paid
CL0081,2024-10-22,22294.69912218568,Paid
CL0081,2024-11-21,22294.69912218568,Missing
CL0081,2024-12-21,22294.69912218568,Paid
CL0081,2025-01-20,22294.69912218568,Paid
CL0081,2025-02-19,22294.69912218568,Paid
CL0081,2025-03-21,22294.69912218568,Paid
CL0081,2025-04-20,22294.69912218568,Paid
CL0081,2025-05-20,22294.69912218568,Paid
CL0081,2025-06-19,22294.69912218568,Paid
CL0081,2025-07-19,22294.69912218568,Paid
CL0081,2025-08-18,22294.69912218568,Paid
CL0081,2025-09-17,22294.69912218568,Missing
CL0081,2025-10-17,22294.69912218568,Paid
CL0081,2025-11-16,22294.69912218568,Paid
CL0082,2023-01-01,35584.12772118814,Paid
CL0082,2023-01-31,35584.12772118814,Missing
CL0082,2023-03-02,35584.12772118814,Paid
CL0082,2023-04-01,35584.12772118814,Paid
CL0082,2023-05-01,35584.12772118814,Paid
CL0082,2023-05-31,35584.12772118814,Paid
CL0082,2023-06-30,35584.12772118814,Missing
CL0082,2023-07-30,35584.12772118814,Paid
CL0082,2023-08-29,35584.12772118814,Paid
CL0082,2023-09-28,35584.12772118814,Paid
CL0082,2023-10-28,35584.12772118814,Paid
CL0082,2023-11-27,35584.12772118814,Paid
CL0082,2023-12-27,35584.12772118814,Missing
CL0082,2024-01-26,35584.12772118814,Paid
CL0082,2024-02-25,35584.12772118814,Paid
CL0082,2024-03-26,35584.12772118814,Missing
CL0082,2024-04-25,35584.12772118814,Missing
CL0082,2024-05-25,35584.12772118814,Paid
CL0082,2024-06-24,35584.12772118814,Paid
CL0082,2024-07-24,35584.12772118814,Paid
CL0082,2024-08-23,35584.12772118814,Paid
CL0082,2024-09-22,35584.12772118814,Paid
CL0082,2024-10-22,35584.12772118814,Paid
CL0082,2024-11-21,35584.12772118814,Missing
CL0082,2024-12-21,35584.12772118814,Paid
CL0082,2025-01-20,35584.12772118814,Paid
CL0082,2025-02-19,35584.12772118814,Paid
CL0082,2025-03-21,35584.12772118814,Paid
CL0082,2025-04-20,35584.12772118814,Paid
CL0082,2025-05-20,35584.12772118814,Paid
CL0082,2025-06-19,35584.12772118814,Paid
CL0082,2025-07-19,35584.12772118814,Paid
CL0082,2025-08-18,35584.12772118814,Paid
CL0082,2025-09-17,35584.12772118814,Paid
CL0082,2025-10-17,35584.12772118814,Paid
CL0082,2025-11-16,35584.12772118814,Paid
CL0083,2023-01-01,14821.424953927888,Paid
CL0083,2023-01-31,14821.424953927888,Paid
CL0083,2023-03-02,14821.424953927888,Missing
CL0083,2023-04-01,14821.424953927888,Paid
CL0083,2023-05-01,14821.424953927888,Paid
CL0083,2023-05-31,14821.424953927888,Paid
CL0083,2023-06-30,14821.424953927888,Paid
CL0083,2023-07-30,14821.424953927888,Paid
CL0083,2023-08-29,14821.424953927888,Paid
CL0083,2023-09-28,14821.424953927888,Missing
CL0083,2023-10-28,14821.424953927888,Paid
CL0083,2023-11-27,14821.424953927888,Paid
CL0083,2023-12-27,14821.424953927888,Paid
CL0083,2024-01-26,14821.424953927888,Paid
CL0083,2024-02-25,14821.424953927888,Paid
CL0083,2024-03-26,14821.424953927888,Paid
CL0083,2024-04-25,14821.424953927888,Missing
CL0083,2024-05-25,14821.424953927888,Paid
CL0083,2024-06-24,14821.424953927888,Paid
CL0083,2024-07-24,14821.424953927888,Paid
CL0083,2024-08-23,14821.424953927888,Paid
CL0083,2024-09-22,14821.424953927888,Paid
CL0083,2024-10-22,14821.424953927888,Paid
CL0083,2024-11-21,14821.424953927888,Paid
CL0083,2024-12-21,14821.424953927888,Paid
CL0083,2025-01-20,14821.424953927888,Paid
CL0083,2025-02-19,14821.424953927888,Paid
CL0083,2025-03-21,14821.424953927888,Paid
CL0083,2025-04-20,14821.424953927888,Paid
CL0083,2025-05-20,14821.424953927888,Paid
CL0083,2025-06-19,14821.424953927888,Paid
CL0083,2025-07-19,14821.424953927888,Paid
CL0083,2025-08-18,14821.424953927888,Paid
CL0083,2025-09-17,14821.424953927888,Paid
CL0083,2025-10-17,14821.424953927888,Paid
CL0083,2025-11-16,14821.424953927888,Paid
CL0084,2023-01-01,47748.25327776014,Paid
CL0084,2023-01-31,47748.25327776014,Paid
CL0084,2023-03-02,47748.25327776014,Paid
CL0084,2023-04-01,47748.25327776014,Paid
CL0084,2023-05-01,47748.25327776014,Paid
CL0084,2023-05-31,47748.25327776014,Paid
CL0084,2023-06-30,47748.25327776014,Paid
CL0084,2023-07-30,47748.25327776014,Paid
CL0084,2023-08-29,47748.25327776014,Paid
CL0084,2023-09-28,47748.25327776014,Paid
CL0084,2023-10-28,47748.25327776014,Paid
CL0084,2023-11-27,47748.25327776014,Paid
CL0084,2023-12-27,47748.25327776014,Missing
CL0084,2024-01-26,47748.25327776014,Paid
CL0084,2024-02-25,47748.25327776014,Paid
CL0084,2024-03-26,47748.25327776014,Paid
CL0084,2024-04-25,47748.25327776014,Paid
CL0084,2024-05-25,47748.25327776014,Paid
CL0084,2024-06-24,47748.25327776014,Paid
CL0084,2024-07-24,47748.25327776014,Paid
CL0084,2024-08-23,47748.25327776014,Paid
CL0084,2024-09-22,47748.25327776014,Paid
CL0084,2024-10-22,47748.25327776014,Paid
CL0084,2024-11-21,47748.25327776014,Missing
CL0084,2024-12-21,47748.25327776014,Paid
CL0084,2025-01-20,47748.25327776014,Missing
CL0084,2025-02-19,47748.25327776014,Paid
CL0084,2025-03-21,47748.25327776014,Paid
CL0084,2025-04-20,47748.25327776014,Paid
CL0084,2025-05-20,47748.25327776014,Paid
CL0084,2025-06-19,47748.25327776014,Paid
CL0084,2025-07-19,47748.25327776014,Paid
CL0084,2025-08-18,47748.25327776014,Missing
CL0084,2025-09-17,47748.25327776014,Paid
CL0084,2025-10-17,47748.25327776014,Paid
CL0084,2025-11-16,47748.25327776014,Paid
CL0085,2023-01-01,40385.52564869984,Paid
CL0085,2023-01-31,40385.52564869984,Paid
CL0085,2023-03-02,40385.52564869984,Paid
CL0085,2023-04-01,40385.52564869984,Paid
CL0085,2023-05-01,40385.52564869984,Paid
CL0085,2023-05-31,40385.52564869984,Paid
CL0085,2023-06-30,40385.52564869984,Paid
CL0085,2023-07-30,40385.52564869984,Missing
CL0085,2023-08-29,40385.52564869984,Paid
CL0085,2023-09-28,40385.52564869984,Paid
CL0085,2023-10-28,40385.52564869984,Paid
CL0085,2023-11-27,40385.52564869984,Paid
CL0085,2023-12-27,40385.52564869984,Paid
CL0085,2024-01-26,40385.52564869984,Paid
CL0085,2024-02-25,40385.52564869984,Paid
CL0085,2024-03-26,40385.52564869984,Paid
CL0085,2024-04-25,40385.52564869984,Paid
CL0085,2024-05-25,40385.52564869984,Paid
CL0085,2024-06-24,40385.52564869984,Paid
CL0085,2024-07-24,40385.52564869984,Paid
CL0085,2024-08-23,40385.52564869984,Paid
CL0085,2024-09-22,40385.52564869984,Missing
CL0085,2024-10-22,40385.52564869984,Paid
CL0085,2024-11-21,40385.52564869984,Paid
CL0085,2024-12-21,40385.52564869984,Paid
CL0085,2025-01-20,40385.52564869984,Paid
CL0085,2025-02-19,40385.52564869984,Paid
CL0085,2025-03-21,40385.52564869984,Paid
CL0085,2025-04-20,40385.52564869984,Paid
CL0085,2025-05-20,40385.52564869984,Paid
CL0085,2025-06-19,40385.52564869984,Paid
CL0085,2025-07-19,40385.52564869984,Paid
CL0085,2025-08-18,40385.52564869984,Paid
CL0085,2025-09-17,40385.52564869984,Paid
CL0085,2025-10-17,40385.52564869984,Paid
CL0085,2025-11-16,40385.52564869984,Paid
CL0086,2023-01-01,9023.49510405168,Missing
CL0086,2023-01-31,9023.49510405168,Paid
CL0086,2023-03-02,9023.49510405168,Paid
CL0086,2023-04-01,9023.49510405168,Paid
CL0086,2023-05-01,9023.49510405168,Paid
CL0086,2023-05-31,9023.49510405168,Paid
CL0086,2023-06-30,9023.49510405168,Paid
CL0086,2023-07-30,9023.49510405168,Missing
CL0086,2023-08-29,9023.49510405168,Paid
CL0086,2023-09-28,9023.49510405168,Paid
CL0086,2023-10-28,9023.49510405168,Paid
CL0086,2023-11-27,9023.49510405168,Paid
CL0086,2023-12-27,9023.49510405168,Paid
CL0086,2024-01-26,9023.49510405168,Paid
CL0086,2024-02-25,9023.49510405168,Paid
CL0086,2024-03-26,9023.49510405168,Paid
CL0086,2024-04-25,9023.49510405168,Missing
CL0086,2024-05-25,9023.49510405168,Missing
CL0086,2024-06-24,9023.49510405168,Paid
CL0086,2024-07-24,9023.49510405168,Paid
CL0086,2024-08-23,9023.49510405168,Paid
CL0086,2024-09-22,9023.49510405168,Paid
CL0086,2024-10-22,9023.49510405168,Paid
CL0086,2024-11-21,9023.49510405168,Paid
CL0086,2024-12-21,9023.49510405168,Paid
CL0086,2025-01-20,9023.49510405168,Paid
CL0086,2025-02-19,9023.49510405168,Paid
CL0086,2025-03-21,9023.49510405168,Paid
CL0086,2025-04-20,9023.49510405168,Paid
CL0086,2025-05-20,9023.49510405168,Paid
CL0086,2025-06-19,9023.49510405168,Paid
CL0086,2025-07-19,9023.49510405168,Paid
CL0086,2025-08-18,9023.49510405168,Paid
CL0086,2025-09-17,9023.49510405168,Paid
CL0086,2025-10-17,9023.49510405168,Missing
CL0086,2025-11-16,9023.49510405168,Paid
CL0087,2023-01-01,23791.134910321776,Paid
CL0087,2023-01-31,23791.134910321776,Paid
CL0087,2023-03-02,23791.134910321776,Missing
CL0087,2023-04-01,23791.134910321776,Paid
CL0087,2023-05-01,23791.134910321776,Paid
CL0087,2023-05-31,23791.134910321776,Paid
CL0087,2023-06-30,23791.134910321776,Paid
CL0087,2023-07-30,23791.134910321776,Paid
CL0087,2023-08-29,23791.134910321776,Paid
CL0087,2023-09-28,23791.134910321776,Paid
CL0087,2023-10-28,23791.134910321776,Paid
CL0087,2023-11-27,23791.134910321776,Missing
CL0087,2023-12-27,23791.134910321776,Missing
CL0087,2024-01-26,23791.134910321776,Paid
CL0087,2024-02-25,23791.134910321776,Paid
CL0087,2024-03-26,23791.134910321776,Paid
CL0087,2024-04-25,23791.134910321776,Paid
CL0087,2024-05-25,23791.134910321776,Paid
CL0087,2024-06-24,23791.134910321776,Paid
CL0087,2024-07-24,23791.134910321776,Paid
CL0087,2024-08-23,23791.134910321776,Paid
CL0087,2024-09-22,23791.134910321776,Paid
CL0087,2024-10-22,23791.134910321776,Paid
CL0087,2024-11-21,23791.134910321776,Paid
CL0087,2024-12-21,23791.134910321776,Missing
CL0087,2025-01-20,23791.134910321776,Paid
CL0087,2025-02-19,23791.134910321776,Paid
CL0087,2025-03-21,23791.134910321776,Paid
CL0087,2025-04-20,23791.134910321776,Paid
CL0087,2025-05-20,23791.134910321776,Paid
CL0087,2025-06-19,23791.134910321776,Paid
CL0087,2025-07-19,23791.134910321776,Paid
CL0087,2025-08-18,23791.134910321776,Paid
CL0087,2025-09-17,23791.134910321776,Paid
CL0087,2025-10-17,23791.134910321776,Paid
CL0087,2025-11-16,23791.134910321776,Paid
CL0088,2023-01-01,44560.32384029741,Paid
CL0088,2023-01-31,44560.32384029741,Paid
CL0088,2023-03-02,44560.32384029741,Paid
CL0088,2023-04-01,44560.32384029741,Missing
CL0088,2023-05-01,44560.32384029741,Missing
CL0088,2023-05-31,44560.32384029741,Paid
CL0088,2023-06-30,44560.32384029741,Paid
CL0088,2023-07-30,44560.32384029741,Paid
CL0088,2023-08-29,44560.32384029741,Paid
CL0088,2023-09-28,44560.32384029741,Paid
CL0088,2023-10-28,44560.32384029741,Paid
CL0088,2023-11-27,44560.32384029741,Paid
CL0088,2023-12-27,44560.32384029741,Paid
CL0088,2024-01-26,44560.32384029741,Paid
CL0088,2024-02-25,44560.32384029741,Paid
CL0088,2024-03-26,44560.32384029741,Paid
CL0088,2024-04-25,44560.32384029741,Paid
CL0088,2024-05-25,44560.32384029741,Paid
CL0088,2024-06-24,44560.32384029741,Missing
CL0088,2024-07-24,44560.32384029741,Missing
CL0088,2024-08-23,44560.32384029741,Paid
CL0088,2024-09-22,44560.32384029741,Paid
CL0088,2024-10-22,44560.32384029741,Paid
CL0088,2024-11-21,44560.32384029741,Missing
CL0088,2024-12-21,44560.32384029741,Paid
CL0088,2025-01-20,44560.32384029741,Paid
CL0088,2025-02-19,44560.32384029741,Paid
CL0088,2025-03-21,44560.32384029741,Paid
CL0088,2025-04-20,44560.32384029741,Paid
CL0088,2025-05-20,44560.32384029741,Paid
CL0088,2025-06-19,44560.32384029741,Paid
CL0088,2025-07-19,44560.32384029741,Paid
CL0088,2025-08-18,44560.32384029741,Paid
CL0088,2025-09-17,44560.32384029741,Paid
CL0088,2025-10-17,44560.32384029741,Paid
CL0088,2025-11-16,44560.32384029741,Paid
CL0089,2023-01-01,47512.94100311346,Paid
CL0089,2023-01-31,47512.94100311346,Paid
CL0089,2023-03-02,47512.94100311346,Paid
CL0089,2023-04-01,47512.94100311346,Paid
CL0089,2023-05-01,47512.94100311346,Paid
CL0089,2023-05-31,47512.94100311346,Paid
CL0089,2023-06-30,47512.94100311346,Paid
CL0089,2023-07-30,47512.94100311346,Paid
CL0089,2023-08-29,47512.94100311346,Paid
CL0089,2023-09-28,47512.94100311346,Paid
CL0089,2023-10-28,47512.94100311346,Paid
CL0089,2023-11-27,47512.94100311346,Paid
CL0089,2023-12-27,47512.94100311346,Paid
CL0089,2024-01-26,47512.94100311346,Paid
CL0089,2024-02-25,47512.94100311346,Paid
CL0089,2024-03-26,47512.94100311346,Paid
CL0089,2024-04-25,47512.94100311346,Paid
CL0089,2024-05-25,47512.94100311346,Paid
CL0089,2024-06-24,47512.94100311346,Paid
CL0089,2024-07-24,47512.94100311346,Paid
CL0089,2024-08-23,47512.94100311346,Paid
CL0089,2024-09-22,47512.94100311346,Paid
CL0089,2024-10-22,47512.94100311346,Paid
CL0089,2024-11-21,47512.94100311346,Paid
CL0089,2024-12-21,47512.94100311346,Paid
CL0089,2025-01-20,47512.94100311346,Paid
CL0089,2025-02-19,47512.94100311346,Paid
CL0089,2025-03-21,47512.94100311346,Paid
CL0089,2025-04-20,47512.94100311346,Paid
CL0089,2025-05-20,47512.94100311346,Missing
CL0089,2025-06-19,47512.94100311346,Paid
CL0089,2025-07-19,47512.94100311346,Paid
CL0089,2025-08-18,47512.94100311346,Paid
CL0089,2025-09-17,47512.94100311346,Paid
CL0089,2025-10-17,47512.94100311346,Paid
CL0089,2025-11-16,47512.94100311346,Paid
CL0090,2023-01-01,26033.06800624414,Paid
CL0090,2023-01-31,26033.06800624414,Paid
CL0090,2023-03-02,26033.06800624414,Paid
CL0090,2023-04-01,26033.06800624414,Paid
CL0090,2023-05-01,26033.06800624414,Missing
CL0090,2023-05-31,26033.06800624414,Paid
CL0090,2023-06-30,26033.06800624414,Paid
CL0090,2023-07-30,26033.06800624414,Paid
CL0090,2023-08-29,26033.06800624414,Paid
CL0090,2023-09-28,26033.06800624414,Missing
CL0090,2023-10-28,26033.06800624414,Paid
CL0090,2023-11-27,26033.06800624414,Paid
CL0090,2023-12-27,26033.06800624414,Paid
CL0090,2024-01-26,26033.06800624414,Paid
CL0090,2024-02-25,26033.06800624414,Paid
CL0090,2024-03-26,26033.06800624414,Paid
CL0090,2024-04-25,26033.06800624414,Paid
CL0090,2024-05-25,26033.06800624414,Paid
CL0090,2024-06-24,26033.06800624414,Paid
CL0090,2024-07-24,26033.06800624414,Missing
CL0090,2024-08-23,26033.06800624414,Paid
CL0090,2024-09-22,26033.06800624414,Paid
CL0090,2024-10-22,26033.06800624414,Paid
CL0090,2024-11-21,26033.06800624414,Paid
CL0090,2024-12-21,26033.06800624414,Paid
CL0090,2025-01-20,26033.06800624414,Paid
CL0090,2025-02-19,26033.06800624414,Paid
CL0090,2025-03-21,26033.06800624414,Paid
CL0090,2025-04-20,26033.06800624414,Paid
CL0090,2025-05-20,26033.06800624414,Paid
CL0090,2025-06-19,26033.06800624414,Paid
CL0090,2025-07-19,26033.06800624414,Missing
CL0090,2025-08-18,26033.06800624414,Paid
CL0090,2025-09-17,26033.06800624414,Paid
CL0090,2025-10-17,26033.06800624414,Paid
CL0090,2025-11-16,26033.06800624414,Paid
CL0091,2023-01-01,32603.512514481845,Missing
CL0091,2023-01-31,32603.512514481845,Paid
CL0091,2023-03-02,32603.512514481845,Paid
CL0091,2023-04-01,32603.512514481845,Paid
CL0091,2023-05-01,32603.512514481845,Paid
CL0091,2023-05-31,32603.512514481845,Paid
CL0091,2023-06-30,32603.512514481845,Paid
CL0091,2023-07-30,32603.512514481845,Missing
CL0091,2023-08-29,32603.512514481845,Paid
CL0091,2023-09-28,32603.512514481845,Paid
CL0091,2023-10-28,32603.512514481845,Paid
CL0091,2023-11-27,32603.512514481845,Paid
CL0091,2023-12-27,32603.512514481845,Paid
CL0091,2024-01-26,32603.512514481845,Paid
CL0091,2024-02-25,32603.512514481845,Paid
CL0091,2024-03-26,32603.512514481845,Paid
CL0091,2024-04-25,32603.512514481845,Paid
CL0091,2024-05-25,32603.512514481845,Paid
CL0091,2024-06-24,32603.512514481845,Paid
CL0091,2024-07-24,32603.512514481845,Paid
CL0091,2024-08-23,32603.512514481845,Missing
CL0091,2024-09-22,32603.512514481845,Paid
CL0091,2024-10-22,32603.512514481845,Paid
CL0091,2024-11-21,32603.512514481845,Paid
CL0091,2024-12-21,32603.512514481845,Paid
CL0091,2025-01-20,32603.512514481845,Paid
CL0091,2025-02-19,32603.512514481845,Paid
CL0091,2025-03-21,32603.512514481845,Paid
CL0091,2025-04-20,32603.512514481845,Paid
CL0091,2025-05-20,32603.512514481845,Missing
CL0091,2025-06-19,32603.512514481845,Paid
CL0091,2025-07-19,32603.512514481845,Paid
CL0091,2025-08-18,32603.512514481845,Paid
CL0091,2025-09-17,32603.512514481845,Paid
CL0091,2025-10-17,32603.512514481845,Missing
CL0091,2025-11-16,32603.512514481845,Paid
CL0092,2023-01-01,12516.527574143383,Missing
CL0092,2023-01-31,12516.527574143383,Paid
CL0092,2023-03-02,12516.527574143383,Missing
CL0092,2023-04-01,12516.527574143383,Paid
CL0092,2023-05-01,12516.527574143383,Paid
CL0092,2023-05-31,12516.527574143383,Paid
CL0092,2023-06-30,12516.527574143383,Paid
CL0092,2023-07-30,12516.527574143383,Missing
CL0092,2023-08-29,12516.527574143383,Paid
CL0092,2023-09-28,12516.527574143383,Paid
CL0092,2023-10-28,12516.527574143383,Paid
CL0092,2023-11-27,12516.527574143383,Missing
CL0092,2023-12-27,12516.527574143383,Paid
CL0092,2024-01-26,12516.527574143383,Paid
CL0092,2024-02-25,12516.527574143383,Paid
CL0092,2024-03-26,12516.527574143383,Paid
CL0092,2024-04-25,12516.527574143383,Paid
CL0092,2024-05-25,12516.527574143383,Paid
CL0092,2024-06-24,12516.527574143383,Paid
CL0092,2024-07-24,12516.527574143383,Paid
CL0092,2024-08-23,12516.527574143383,Paid
CL0092,2024-09-22,12516.527574143383,Paid
CL0092,2024-10-22,12516.527574143383,Paid
CL0092,2024-11-21,12516.527574143383,Paid
CL0092,2024-12-21,12516.527574143383,Missing
CL0092,2025-01-20,12516.527574143383,Paid
CL0092,2025-02-19,12516.527574143383,Paid
CL0092,2025-03-21,12516.527574143383,Paid
CL0092,2025-04-20,12516.527574143383,Paid
CL0092,2025-05-20,12516.527574143383,Paid
CL0092,2025-06-19,12516.527574143383,Paid
CL0092,2025-07-19,12516.527574143383,Paid
CL0092,2025-08-18,12516.527574143383,Paid
CL0092,2025-09-17,12516.527574143383,Paid
CL0092,2025-10-17,12516.527574143383,Paid
CL0092,2025-11-16,12516.527574143383,Paid
CL0093,2023-01-01,49602.58817616395,Missing
CL0093,2023-01-31,49602.58817616395,Paid
CL0093,2023-03-02,49602.58817616395,Paid
CL0093,2023-04-01,49602.58817616395,Paid
CL0093,2023-05-01,49602.58817616395,Missing
CL0093,2023-05-31,49602.58817616395,Missing
CL0093,2023-06-30,49602.58817616395,Paid
CL0093,2023-07-30,49602.58817616395,Paid
CL0093,2023-08-29,49602.58817616395,Paid
CL0093,2023-09-28,49602.58817616395,Paid
CL0093,2023-10-28,49602.58817616395,Missing
CL0093,2023-11-27,49602.58817616395,Paid
CL0093,2023-12-27,49602.58817616395,Paid
CL0093,2024-01-26,49602.58817616395,Paid
CL0093,2024-02-25,49602.58817616395,Paid
CL0093,2024-03-26,49602.58817616395,Paid
CL0093,2024-04-25,49602.58817616395,Paid
CL0093,2024-05-25,49602.58817616395,Paid
CL0093,2024-06-24,49602.58817616395,Paid
CL0093,2024-07-24,49602.58817616395,Paid
CL0093,2024-08-23,49602.58817616395,Paid
CL0093,2024-09-22,49602.58817616395,Paid
CL0093,2024-10-22,49602.58817616395,Paid
CL0093,2024-11-21,49602.58817616395,Paid
CL0093,2024-12-21,49602.58817616395,Paid
CL0093,2025-01-20,49602.58817616395,Paid
CL0093,2025-02-19,49602.58817616395,Paid
CL0093,2025-03-21,49602.58817616395,Missing
CL0093,2025-04-20,49602.58817616395,Paid
CL0093,2025-05-20,49602.58817616395,Paid
CL0093,2025-06-19,49602.58817616395,Paid
CL0093,2025-07-19,49602.58817616395,Paid
CL0093,2025-08-18,49602.58817616395,Paid
CL0093,2025-09-17,49602.58817616395,Paid
CL0093,2025-10-17,49602.58817616395,Paid
CL0093,2025-11-16,49602.58817616395,Paid
CL0094,2023-01-01,15425.226562254951,Paid
CL0094,2023-01-31,15425.226562254951,Paid
CL0094,2023-03-02,15425.226562254951,Paid
CL0094,2023-04-01,15425.226562254951,Paid
CL0094,2023-05-01,15425.226562254951,Paid
CL0094,2023-05-31,15425.226562254951,Paid
CL0094,2023-06-30,15425.226562254951,Paid
CL0094,2023-07-30,15425.226562254951,Paid
CL0094,2023-08-29,15425.226562254951,Paid
CL0094,2023-09-28,15425.226562254951,Paid
CL0094,2023-10-28,15425.226562254951,Paid
CL0094,2023-11-27,15425.226562254951,Paid
CL0094,2023-12-27,15425.226562254951,Paid
CL0094,2024-01-26,15425.226562254951,Missing
CL0094,2024-02-25,15425.226562254951,Paid
CL0094,2024-03-26,15425.226562254951,Paid
CL0094,2024-04-25,15425.226562254951,Paid
CL0094,2024-05-25,15425.226562254951,Paid
CL0094,2024-06-24,15425.226562254951,Paid
CL0094,2024-07-24,15425.226562254951,Paid
CL0094,2024-08-23,15425.226562254951,Missing
CL0094,2024-09-22,15425.226562254951,Paid
CL0094,2024-10-22,15425.226562254951,Paid
CL0094,2024-11-21,15425.226562254951,Paid
CL0094,2024-12-21,15425.226562254951,Paid
CL0094,2025-01-20,15425.226562254951,Paid
CL0094,2025-02-19,15425.226562254951,Paid
CL0094,2025-03-21,15425.226562254951,Paid
CL0094,2025-04-20,15425.226562254951,Paid
CL0094,2025-05-20,15425.226562254951,Paid
CL0094,2025-06-19,15425.226562254951,Paid
CL0094,2025-07-19,15425.226562254951,Paid
CL0094,2025-08-18,15425.226562254951,Paid
CL0094,2025-09-17,15425.226562254951,Paid
CL0094,2025-10-17,15425.226562254951,Missing
CL0094,2025-11-16,15425.226562254951,Paid
CL0095,2023-01-01,47422.92983608066,Paid
CL0095,2023-01-31,47422.92983608066,Paid
CL0095,2023-03-02,47422.92983608066,Paid
CL0095,2023-04-01,47422.92983608066,Paid
CL0095,2023-05-01,47422.92983608066,Paid
CL0095,2023-05-31,47422.92983608066,Missing
CL0095,2023-06-30,47422.92983608066,Paid
CL0095,2023-07-30,47422.92983608066,Paid
CL0095,2023-08-29,47422.92983608066,Paid
CL0095,2023-09-28,47422.92983608066,Paid
CL0095,2023-10-28,47422.92983608066,Paid
CL0095,2023-11-27,47422.92983608066,Paid
CL0095,2023-12-27,47422.92983608066,Paid
CL0095,2024-01-26,47422.92983608066,Paid
CL0095,2024-02-25,47422.92983608066,Paid
CL0095,2024-03-26,47422.92983608066,Paid
CL0095,2024-04-25,47422.92983608066,Missing
CL0095,2024-05-25,47422.92983608066,Paid
CL0095,2024-06-24,47422.92983608066,Paid
CL0095,2024-07-24,47422.92983608066,Paid
CL0095,2024-08-23,47422.92983608066,Paid
CL0095,2024-09-22,47422.92983608066,Paid
CL0095,2024-10-22,47422.92983608066,Paid
CL0095,2024-11-21,47422.92983608066,Paid
CL0095,2024-12-21,47422.92983608066,Paid
CL0095,2025-01-20,47422.92983608066,Paid
CL0095,2025-02-19,47422.92983608066,Paid
CL0095,2025-03-21,47422.92983608066,Paid
CL0095,2025-04-20,47422.92983608066,Paid
CL0095,2025-05-20,47422.92983608066,Missing
CL0095,2025-06-19,47422.92983608066,Missing
CL0095,2025-07-19,47422.92983608066,Missing
CL0095,2025-08-18,47422.92983608066,Paid
CL0095,2025-09-17,47422.92983608066,Paid
CL0095,2025-10-17,47422.92983608066,Paid
CL0095,2025-11-16,47422.92983608066,Paid
CL0096,2023-01-01,34234.09920465658,Paid
CL0096,2023-01-31,34234.09920465658,Paid
CL0096,2023-03-02,34234.09920465658,Paid
CL0096,2023-04-01,34234.09920465658,Paid
CL0096,2023-05-01,34234.09920465658,Paid
CL0096,2023-05-31,34234.09920465658,Paid
CL0096,2023-06-30,34234.09920465658,Missing
CL0096,2023-07-30,34234.09920465658,Missing
CL0096,2023-08-29,34234.09920465658,Missing
CL0096,2023-09-28,34234.09920465658,Paid
CL0096,2023-10-28,34234.09920465658,Paid
CL0096,2023-11-27,34234.09920465658,Paid
CL0096,2023-12-27,34234.09920465658,Paid
CL0096,2024-01-26,34234.09920465658,Paid
CL0096,2024-02-25,34234.09920465658,Paid
CL0096,2024-03-26,34234.09920465658,Missing
CL0096,2024-04-25,34234.09920465658,Paid
CL0096,2024-05-25,34234.09920465658,Paid
CL0096,2024-06-24,34234.09920465658,Paid
CL0096,2024-07-24,34234.09920465658,Paid
CL0096,2024-08-23,34234.09920465658,Paid
CL0096,2024-09-22,34234.09920465658,Paid
CL0096,2024-10-22,34234.09920465658,Paid
CL0096,2024-11-21,34234.09920465658,Paid
CL0096,2024-12-21,34234.09920465658,Paid
CL0096,2025-01-20,34234.09920465658,Missing
CL0096,2025-02-19,34234.09920465658,Missing
CL0096,2025-03-21,34234.09920465658,Paid
CL0096,2025-04-20,34234.09920465658,Missing
CL0096,2025-05-20,34234.09920465658,Paid
CL0096,2025-06-19,34234.09920465658,Paid
CL0096,2025-07-19,34234.09920465658,Paid
CL0096,2025-08-18,34234.09920465658,Paid
CL0096,2025-09-17,34234.09920465658,Paid
CL0096,2025-10-17,34234.09920465658,Paid
CL0096,2025-11-16,34234.09920465658,Paid
CL0097,2023-01-01,32348.15576954866,Paid
CL0097,2023-01-31,32348.15576954866,Paid
CL0097,2023-03-02,32348.15576954866,Paid
CL0097,2023-04-01,32348.15576954866,Paid
CL0097,2023-05-01,32348.15576954866,Paid
CL0097,2023-05-31,32348.15576954866,Missing
CL0097,2023-06-30,32348.15576954866,Paid
CL0097,2023-07-30,32348.15576954866,Missing
CL0097,2023-08-29,32348.15576954866,Paid
CL0097,2023-09-28,32348.15576954866,Missing
CL0097,2023-10-28,32348.15576954866,Paid
CL0097,2023-11-27,32348.15576954866,Paid
CL0097,2023-12-27,32348.15576954866,Paid
CL0097,2024-01-26,32348.15576954866,Paid
CL0097,2024-02-25,32348.15576954866,Paid
CL0097,2024-03-26,32348.15576954866,Paid
CL0097,2024-04-25,32348.15576954866,Paid
CL0097,2024-05-25,32348.15576954866,Paid
CL0097,2024-06-24,32348.15576954866,Paid
CL0097,2024-07-24,32348.15576954866,Missing
CL0097,2024-08-23,32348.15576954866,Paid
CL0097,2024-09-22,32348.15576954866,Missing
CL0097,2024-10-22,32348.15576954866,Paid
CL0097,2024-11-21,32348.15576954866,Paid
CL0097,2024-12-21,32348.15576954866,Paid
CL0097,2025-01-20,32348.15576954866,Paid
CL0097,2025-02-19,32348.15576954866,Paid
CL0097,2025-03-21,32348.15576954866,Paid
CL0097,2025-04-20,32348.15576954866,Paid
CL0097,2025-05-20,32348.15576954866,Paid
CL0097,2025-06-19,32348.15576954866,Paid
CL0097,2025-07-19,32348.15576954866,Paid
CL0097,2025-08-18,32348.15576954866,Paid
CL0097,2025-09-17,32348.15576954866,Paid
CL0097,2025-10-17,32348.15576954866,Paid
CL0097,2025-11-16,32348.15576954866,Paid
CL0098,2023-01-01,28070.982995742885,Missing
CL0098,2023-01-31,28070.982995742885,Paid
CL0098,2023-03-02,28070.982995742885,Paid
CL0098,2023-04-01,28070.982995742885,Paid
CL0098,2023-05-01,28070.982995742885,Paid
CL0098,2023-05-31,28070.982995742885,Missing
CL0098,2023-06-30,28070.982995742885,Paid
CL0098,2023-07-30,28070.982995742885,Paid
CL0098,2023-08-29,28070.982995742885,Paid
CL0098,2023-09-28,28070.982995742885,Paid
CL0098,2023-10-28,28070.982995742885,Missing
CL0098,2023-11-27,28070.982995742885,Paid
CL0098,2023-12-27,28070.982995742885,Paid
CL0098,2024-01-26,28070.982995742885,Paid
CL0098,2024-02-25,28070.982995742885,Paid
CL0098,2024-03-26,28070.982995742885,Paid
CL0098,2024-04-25,28070.982995742885,Paid
CL0098,2024-05-25,28070.982995742885,Paid
CL0098,2024-06-24,28070.982995742885,Paid
CL0098,2024-07-24,28070.982995742885,Paid
CL0098,2024-08-23,28070.982995742885,Paid
CL0098,2024-09-22,28070.982995742885,Paid
CL0098,2024-10-22,28070.982995742885,Paid
CL0098,2024-11-21,28070.982995742885,Paid
CL0098,2024-12-21,28070.982995742885,Paid
CL0098,2025-01-20,28070.982995742885,Missing
CL0098,2025-02-19,28070.982995742885,Paid
CL0098,2025-03-21,28070.982995742885,Paid
CL0098,2025-04-20,28070.982995742885,Paid
CL0098,2025-05-20,28070.982995742885,Paid
CL0098,2025-06-19,28070.982995742885,Paid
CL0098,2025-07-19,28070.982995742885,Paid
CL0098,2025-08-18,28070.982995742885,Paid
CL0098,2025-09-17,28070.982995742885,Paid
CL0098,2025-10-17,28070.982995742885,Paid
CL0098,2025-11-16,28070.982995742885,Paid
CL0099,2023-01-01,15380.141527299142,Paid
CL0099,2023-01-31,15380.141527299142,Paid
CL0099,2023-03-02,15380.141527299142,Paid
CL0099,2023-04-01,15380.141527299142,Paid
CL0099,2023-05-01,15380.141527299142,Paid
CL0099,2023-05-31,15380.141527299142,Paid
CL0099,2023-06-30,15380.141527299142,Missing
CL0099,2023-07-30,15380.141527299142,Paid
CL0099,2023-08-29,15380.141527299142,Paid
CL0099,2023-09-28,15380.141527299142,Paid
CL0099,2023-10-28,15380.141527299142,Paid
CL0099,2023-11-27,15380.141527299142,Paid
CL0099,2023-12-27,15380.141527299142,Paid
CL0099,2024-01-26,15380.141527299142,Paid
CL0099,2024-02-25,15380.141527299142,Missing
CL0099,2024-03-26,15380.141527299142,Paid
CL0099,2024-04-25,15380.141527299142,Paid
CL0099,2024-05-25,15380.141527299142,Paid
CL0099,2024-06-24,15380.141527299142,Missing
CL0099,2024-07-24,15380.141527299142,Paid
CL0099,2024-08-23,15380.141527299142,Paid
CL0099,2024-09-22,15380.141527299142,Paid
CL0099,2024-10-22,15380.141527299142,Paid
CL0099,2024-11-21,15380.141527299142,Paid
CL0099,2024-12-21,15380.141527299142,Paid
CL0099,2025-01-20,15380.141527299142,Paid
CL0099,2025-02-19,15380.141527299142,Paid
CL0099,2025-03-21,15380.141527299142,Paid
CL0099,2025-04-20,15380.141527299142,Paid
CL0099,2025-05-20,15380.141527299142,Paid
CL0099,2025-06-19,15380.141527299142,Paid
CL0099,2025-07-19,15380.141527299142,Paid
CL0099,2025-08-18,15380.141527299142,Missing
CL0099,2025-09-17,15380.141527299142,Paid
CL0099,2025-10-17,15380.141527299142,Paid
CL0099,2025-11-16,15380.141527299142,Paid
CL0100,2023-01-01,12943.761440247872,Paid
CL0100,2023-01-31,12943.761440247872,Missing
CL0100,2023-03-02,12943.761440247872,Paid
CL0100,2023-04-01,12943.761440247872,Paid
CL0100,2023-05-01,12943.761440247872,Paid
CL0100,2023-05-31,12943.761440247872,Paid
CL0100,2023-06-30,12943.761440247872,Paid
CL0100,2023-07-30,12943.761440247872,Paid
CL0100,2023-08-29,12943.761440247872,Paid
CL0100,2023-09-28,12943.761440247872,Paid
CL0100,2023-10-28,12943.761440247872,Paid
CL0100,2023-11-27,12943.761440247872,Paid
CL0100,2023-12-27,12943.761440247872,Paid
CL0100,2024-01-26,12943.761440247872,Paid
CL0100,2024-02-25,12943.761440247872,Paid
CL0100,2024-03-26,12943.761440247872,Paid
CL0100,2024-04-25,12943.761440247872,Paid
CL0100,2024-05-25,12943.761440247872,Paid
CL0100,2024-06-24,12943.761440247872,Paid
CL0100,2024-07-24,12943.761440247872,Paid
CL0100,2024-08-23,12943.761440247872,Paid
CL0100,2024-09-22,12943.761440247872,Paid
CL0100,2024-10-22,12943.761440247872,Paid
CL0100,2024-11-21,12943.761440247872,Paid
CL0100,2024-12-21,12943.761440247872,Paid
CL0100,2025-01-20,12943.761440247872,Paid
CL0100,2025-02-19,12943.761440247872,Missing
CL0100,2025-03-21,12943.761440247872,Paid
CL0100,2025-04-20,12943.761440247872,Paid
CL0100,2025-05-20,12943.761440247872,Paid
CL0100,2025-06-19,12943.761440247872,Paid
CL0100,2025-07-19,12943.761440247872,Paid
CL0100,2025-08-18,12943.761440247872,Paid
CL0100,2025-09-17,12943.761440247872,Paid
CL0100,2025-10-17,12943.761440247872,Paid
CL0100,2025-11-16,12943.761440247872,Paid
CL0101,2023-01-01,14921.87940815789,Paid
CL0101,2023-01-31,14921.87940815789,Paid
CL0101,2023-03-02,14921.87940815789,Paid
CL0101,2023-04-01,14921.87940815789,Paid
CL0101,2023-05-01,14921.87940815789,Paid
CL0101,2023-05-31,14921.87940815789,Paid
CL0101,2023-06-30,14921.87940815789,Paid
CL0101,2023-07-30,14921.87940815789,Paid
CL0101,2023-08-29,14921.87940815789,Paid
CL0101,2023-09-28,14921.87940815789,Paid
CL0101,2023-10-28,14921.87940815789,Paid
CL0101,2023-11-27,14921.87940815789,Paid
CL0101,2023-12-27,14921.87940815789,Missing
CL0101,2024-01-26,14921.87940815789,Paid
CL0101,2024-02-25,14921.87940815789,Paid
CL0101,2024-03-26,14921.87940815789,Paid
CL0101,2024-04-25,14921.87940815789,Paid
CL0101,2024-05-25,14921.87940815789,Missing
CL0101,2024-06-24,14921.87940815789,Paid
CL0101,2024-07-24,14921.87940815789,Paid
CL0101,2024-08-23,14921.87940815789,Paid
CL0101,2024-09-22,14921.87940815789,Paid
CL0101,2024-10-22,14921.87940815789,Missing
CL0101,2024-11-21,14921.87940815789,Missing
CL0101,2024-12-21,14921.87940815789,Paid
CL0101,2025-01-20,14921.87940815789,Paid
CL0101,2025-02-19,14921.87940815789,Paid
CL0101,2025-03-21,14921.87940815789,Paid
CL0101,2025-04-20,14921.87940815789,Paid
CL0101,2025-05-20,14921.87940815789,Paid
CL0101,2025-06-19,14921.87940815789,Paid
CL0101,2025-07-19,14921.87940815789,Paid
CL0101,2025-08-18,14921.87940815789,Paid
CL0101,2025-09-17,14921.87940815789,Paid
CL0101,2025-10-17,14921.87940815789,Paid
CL0101,2025-11-16,14921.87940815789,Paid
CL0102,2023-01-01,13389.721796491453,Paid
CL0102,2023-01-31,13389.721796491453,Paid
CL0102,2023-03-02,13389.721796491453,Missing
CL0102,2023-04-01,13389.721796491453,Paid
CL0102,2023-05-01,13389.721796491453,Paid
CL0102,2023-05-31,13389.721796491453,Paid
CL0102,2023-06-30,13389.721796491453,Paid
CL0102,2023-07-30,13389.721796491453,Missing
CL0102,2023-08-29,13389.721796491453,Paid
CL0102,2023-09-28,13389.721796491453,Missing
CL0102,2023-10-28,13389.721796491453,Paid
CL0102,2023-11-27,13389.721796491453,Paid
CL0102,2023-12-27,13389.721796491453,Paid
CL0102,2024-01-26,13389.721796491453,Paid
CL0102,2024-02-25,13389.721796491453,Paid
CL0102,2024-03-26,13389.721796491453,Paid
CL0102,2024-04-25,13389.721796491453,Paid
CL0102,2024-05-25,13389.721796491453,Missing
CL0102,2024-06-24,13389.721796491453,Paid
CL0102,2024-07-24,13389.721796491453,Paid
CL0102,2024-08-23,13389.721796491453,Paid
CL0102,2024-09-22,13389.721796491453,Paid
CL0102,2024-10-22,13389.721796491453,Paid
CL0102,2024-11-21,13389.721796491453,Paid
CL0102,2024-12-21,13389.721796491453,Paid
CL0102,2025-01-20,13389.721796491453,Paid
CL0102,2025-02-19,13389.721796491453,Paid
CL0102,2025-03-21,13389.721796491453,Paid
CL0102,2025-04-20,13389.721796491453,Paid
CL0102,2025-05-20,13389.721796491453,Paid
CL0102,2025-06-19,13389.721796491453,Paid
CL0102,2025-07-19,13389.721796491453,Paid
CL0102,2025-08-18,13389.721796491453,Missing
CL0102,2025-09-17,13389.721796491453,Paid
CL0102,2025-10-17,13389.721796491453,Paid
CL0102,2025-11-16,13389.721796491453,Paid
CL0103,2023-01-01,40081.3013105039,Paid
CL0103,2023-01-31,40081.3013105039,Paid
CL0103,2023-03-02,40081.3013105039,Paid
CL0103,2023-04-01,40081.3013105039,Missing
CL0103,2023-05-01,40081.3013105039,Paid
CL0103,2023-05-31,40081.3013105039,Paid
CL0103,2023-06-30,40081.3013105039,Paid
CL0103,2023-07-30,40081.3013105039,Paid
CL0103,2023-08-29,40081.3013105039,Paid
CL0103,2023-09-28,40081.3013105039,Paid
CL0103,2023-10-28,40081.3013105039,Paid
CL0103,2023-11-27,40081.3013105039,Missing
CL0103,2023-12-27,40081.3013105039,Paid
CL0103,2024-01-26,40081.3013105039,Paid
CL0103,2024-02-25,40081.3013105039,Paid
CL0103,2024-03-26,40081.3013105039,Paid
CL0103,2024-04-25,40081.3013105039,Paid
CL0103,2024-05-25,40081.3013105039,Paid
CL0103,2024-06-24,40081.3013105039,Paid
CL0103,2024-07-24,40081.3013105039,Paid
CL0103,2024-08-23,40081.3013105039,Paid
CL0103,2024-09-22,40081.3013105039,Paid
CL0103,2024-10-22,40081.3013105039,Paid
CL0103,2024-11-21,40081.3013105039,Paid
CL0103,2024-12-21,40081.3013105039,Paid
CL0103,2025-01-20,40081.3013105039,Missing
CL0103,2025-02-19,40081.3013105039,Paid
CL0103,2025-03-21,40081.3013105039,Paid
CL0103,2025-04-20,40081.3013105039,Paid
CL0103,2025-05-20,40081.3013105039,Paid
CL0103,2025-06-19,40081.3013105039,Paid
CL0103,2025-07-19,40081.3013105039,Missing
CL0103,2025-08-18,40081.3013105039,Paid
CL0103,2025-09-17,40081.3013105039,Paid
CL0103,2025-10-17,40081.3013105039,Paid
CL0103,2025-11-16,40081.3013105039,Paid
CL0104,2023-01-01,20755.636662502853,Paid
CL0104,2023-01-31,20755.636662502853,Paid
CL0104,2023-03-02,20755.636662502853,Paid
CL0104,2023-04-01,20755.636662502853,Paid
CL0104,2023-05-01,20755.636662502853,Paid
CL0104,2023-05-31,20755.636662502853,Paid
CL0104,2023-06-30,20755.636662502853,Paid
CL0104,2023-07-30,20755.636662502853,Missing
CL0104,2023-08-29,20755.636662502853,Paid
CL0104,2023-09-28,20755.636662502853,Paid
CL0104,2023-10-28,20755.636662502853,Paid
CL0104,2023-11-27,20755.636662502853,Paid
CL0104,2023-12-27,20755.636662502853,Paid
CL0104,2024-01-26,20755.636662502853,Paid
CL0104,2024-02-25,20755.636662502853,Paid
CL0104,2024-03-26,20755.636662502853,Paid
CL0104,2024-04-25,20755.636662502853,Paid
CL0104,2024-05-25,20755.636662502853,Paid
CL0104,2024-06-24,20755.636662502853,Paid
CL0104,2024-07-24,20755.636662502853,Paid
CL0104,2024-08-23,20755.636662502853,Paid
CL0104,2024-09-22,20755.636662502853,Paid
CL0104,2024-10-22,20755.636662502853,Missing
CL0104,2024-11-21,20755.636662502853,Paid
CL0104,2024-12-21,20755.636662502853,Paid
CL0104,2025-01-20,20755.636662502853,Paid
CL0104,2025-02-19,20755.636662502853,Missing
CL0104,2025-03-21,20755.636662502853,Paid
CL0104,2025-04-20,20755.636662502853,Missing
CL0104,2025-05-20,20755.636662502853,Paid
CL0104,2025-06-19,20755.636662502853,Paid
CL0104,2025-07-19,20755.636662502853,Paid
CL0104,2025-08-18,20755.636662502853,Paid
CL0104,2025-09-17,20755.636662502853,Missing
CL0104,2025-10-17,20755.636662502853,Paid
CL0104,2025-11-16,20755.636662502853,Paid
CL0105,2023-01-01,7602.920445352836,Paid
CL0105,2023-01-31,7602.920445352836,Paid
CL0105,2023-03-02,7602.920445352836,Paid
CL0105,2023-04-01,7602.920445352836,Paid
CL0105,2023-05-01,7602.920445352836,Paid
CL0105,2023-05-31,7602.920445352836,Paid
CL0105,2023-06-30,7602.920445352836,Paid
CL0105,2023-07-30,7602.920445352836,Missing
CL0105,2023-08-29,7602.920445352836,Paid
CL0105,2023-09-28,7602.920445352836,Paid
CL0105,2023-10-28,7602.920445352836,Paid
CL0105,2023-11-27,7602.920445352836,Paid
CL0105,2023-12-27,7602.920445352836,Paid
CL0105,2024-01-26,7602.920445352836,Paid
CL0105,2024-02-25,7602.920445352836,Missing
CL0105,2024-03-26,7602.920445352836,Paid
CL0105,2024-04-25,7602.920445352836,Missing
CL0105,2024-05-25,7602.920445352836,Paid
CL0105,2024-06-24,7602.920445352836,Paid
CL0105,2024-07-24,7602.920445352836,Paid
CL0105,2024-08-23,7602.920445352836,Paid
CL0105,2024-09-22,7602.920445352836,Paid
CL0105,2024-10-22,7602.920445352836,Paid
CL0105,2024-11-21,7602.920445352836,Paid
CL0105,2024-12-21,7602.920445352836,Paid
CL0105,2025-01-20,7602.920445352836,Paid
CL0105,2025-02-19,7602.920445352836,Missing
CL0105,2025-03-21,7602.920445352836,Paid
CL0105,2025-04-20,7602.920445352836,Paid
CL0105,2025-05-20,7602.920445352836,Paid
CL0105,2025-06-19,7602.920445352836,Paid
CL0105,2025-07-19,7602.920445352836,Paid
CL0105,2025-08-18,7602.920445352836,Missing
CL0105,2025-09-17,7602.920445352836,Paid
CL0105,2025-10-17,7602.920445352836,Paid
CL0105,2025-11-16,7602.920445352836,Paid
CL0106,2023-01-01,48609.61835633651,Paid
CL0106,2023-01-31,48609.61835633651,Paid
CL0106,2023-03-02,48609.61835633651,Paid
CL0106,2023-04-01,48609.61835633651,Paid
CL0106,2023-05-01,48609.61835633651,Paid
CL0106,2023-05-31,48609.61835633651,Paid
CL0106,2023-06-30,48609.61835633651,Paid
CL0106,2023-07-30,48609.61835633651,Paid
CL0106,2023-08-29,48609.61835633651,Paid
CL0106,2023-09-28,48609.61835633651,Paid
CL0106,2023-10-28,48609.61835633651,Missing
CL0106,2023-11-27,48609.61835633651,Paid
CL0106,2023-12-27,48609.61835633651,Paid
CL0106,2024-01-26,48609.61835633651,Paid
CL0106,2024-02-25,48609.61835633651,Missing
CL0106,2024-03-26,48609.61835633651,Paid
CL0106,2024-04-25,48609.61835633651,Missing
CL0106,2024-05-25,48609.61835633651,Missing
CL0106,2024-06-24,48609.61835633651,Paid
CL0106,2024-07-24,48609.61835633651,Paid
CL0106,2024-08-23,48609.61835633651,Paid
CL0106,2024-09-22,48609.61835633651,Paid
CL0106,2024-10-22,48609.61835633651,Paid
CL0106,2024-11-21,48609.61835633651,Missing
CL0106,2024-12-21,48609.61835633651,Paid
CL0106,2025-01-20,48609.61835633651,Paid
CL0106,2025-02-19,48609.61835633651,Paid
CL0106,2025-03-21,48609.61835633651,Paid
CL0106,2025-04-20,48609.61835633651,Paid
CL0106,2025-05-20,48609.61835633651,Paid
CL0106,2025-06-19,48609.61835633651,Paid
CL0106,2025-07-19,48609.61835633651,Paid
CL0106,2025-08-18,48609.61835633651,Paid
CL0106,2025-09-17,48609.61835633651,Paid
CL0106,2025-10-17,48609.61835633651,Paid
CL0106,2025-11-16,48609.61835633651,Paid
CL0107,2023-01-01,44770.36482335415,Paid
CL0107,2023-01-31,44770.36482335415,Missing
CL0107,2023-03-02,44770.36482335415,Paid
CL0107,2023-04-01,44770.36482335415,Missing
CL0107,2023-05-01,44770.36482335415,Paid
CL0107,2023-05-31,44770.36482335415,Paid
CL0107,2023-06-30,44770.36482335415,Paid
CL0107,2023-07-30,44770.36482335415,Paid
CL0107,2023-08-29,44770.36482335415,Paid
CL0107,2023-09-28,44770.36482335415,Paid
CL0107,2023-10-28,44770.36482335415,Missing
CL0107,2023-11-27,44770.36482335415,Missing
CL0107,2023-12-27,44770.36482335415,Paid
CL0107,2024-01-26,44770.36482335415,Paid
CL0107,2024-02-25,44770.36482335415,Paid
CL0107,2024-03-26,44770.36482335415,Paid
CL0107,2024-04-25,44770.36482335415,Paid
CL0107,2024-05-25,44770.36482335415,Paid
CL0107,2024-06-24,44770.36482335415,Paid
CL0107,2024-07-24,44770.36482335415,Paid
CL0107,2024-08-23,44770.36482335415,Paid
CL0107,2024-09-22,44770.36482335415,Paid
CL0107,2024-10-22,44770.36482335415,Missing
CL0107,2024-11-21,44770.36482335415,Paid
CL0107,2024-12-21,44770.36482335415,Paid
CL0107,2025-01-20,44770.36482335415,Paid
CL0107,2025-02-19,44770.36482335415,Paid
CL0107,2025-03-21,44770.36482335415,Paid
CL0107,2025-04-20,44770.36482335415,Paid
CL0107,2025-05-20,44770.36482335415,Paid
CL0107,2025-06-19,44770.36482335415,Missing
CL0107,2025-07-19,44770.36482335415,Paid
CL0107,2025-08-18,44770.36482335415,Paid
CL0107,2025-09-17,44770.36482335415,Paid
CL0107,2025-10-17,44770.36482335415,Missing
CL0107,2025-11-16,44770.36482335415,Paid
CL0108,2023-01-01,46748.85274378458,Paid
CL0108,2023-01-31,46748.85274378458,Paid
CL0108,2023-03-02,46748.85274378458,Paid
CL0108,2023-04-01,46748.85274378458,Paid
CL0108,2023-05-01,46748.85274378458,Paid
CL0108,2023-05-31,46748.85274378458,Paid
CL0108,2023-06-30,46748.85274378458,Paid
CL0108,2023-07-30,46748.85274378458,Paid
CL0108,2023-08-29,46748.85274378458,Paid
CL0108,2023-09-28,46748.85274378458,Paid
CL0108,2023-10-28,46748.85274378458,Paid
CL0108,2023-11-27,46748.85274378458,Paid
CL0108,2023-12-27,46748.85274378458,Missing
CL0108,2024-01-26,46748.85274378458,Missing
CL0108,2024-02-25,46748.85274378458,Paid
CL0108,2024-03-26,46748.85274378458,Missing
CL0108,2024-04-25,46748.85274378458,Paid
CL0108,2024-05-25,46748.85274378458,Paid
CL0108,2024-06-24,46748.85274378458,Paid
CL0108,2024-07-24,46748.85274378458,Paid
CL0108,2024-08-23,46748.85274378458,Paid
CL0108,2024-09-22,46748.85274378458,Paid
CL0108,2024-10-22,46748.85274378458,Paid
CL0108,2024-11-21,46748.85274378458,Paid
CL0108,2024-12-21,46748.85274378458,Missing
CL0108,2025-01-20,46748.85274378458,Paid
CL0108,2025-02-19,46748.85274378458,Paid
CL0108,2025-03-21,46748.85274378458,Paid
CL0108,2025-04-20,46748.85274378458,Missing
CL0108,2025-05-20,46748.85274378458,Paid
CL0108,2025-06-19,46748.85274378458,Paid
CL0108,2025-07-19,46748.85274378458,Paid
CL0108,2025-08-18,46748.85274378458,Paid
CL0108,2025-09-17,46748.85274378458,Paid
CL0108,2025-10-17,46748.85274378458,Paid
CL0108,2025-11-16,46748.85274378458,Paid
CL0109,2023-01-01,49770.85201908959,Paid
CL0109,2023-01-31,49770.85201908959,Missing
CL0109,2023-03-02,49770.85201908959,Paid
CL0109,2023-04-01,49770.85201908959,Paid
CL0109,2023-05-01,49770.85201908959,Paid
CL0109,2023-05-31,49770.85201908959,Paid
CL0109,2023-06-30,49770.85201908959,Paid
CL0109,2023-07-30,49770.85201908959,Paid
CL0109,2023-08-29,49770.85201908959,Paid
CL0109,2023-09-28,49770.85201908959,Paid
CL0109,2023-10-28,49770.85201908959,Missing
CL0109,2023-11-27,49770.85201908959,Paid
CL0109,2023-12-27,49770.85201908959,Paid
CL0109,2024-01-26,49770.85201908959,Paid
CL0109,2024-02-25,49770.85201908959,Paid
CL0109,2024-03-26,49770.85201908959,Paid
CL0109,2024-04-25,49770.85201908959,Paid
CL0109,2024-05-25,49770.85201908959,Paid
CL0109,2024-06-24,49770.85201908959,Missing
CL0109,2024-07-24,49770.85201908959,Missing
CL0109,2024-08-23,49770.85201908959,Paid
CL0109,2024-09-22,49770.85201908959,Paid
CL0109,2024-10-22,49770.85201908959,Paid
CL0109,2024-11-21,49770.85201908959,Paid
CL0109,2024-12-21,49770.85201908959,Paid
CL0109,2025-01-20,49770.85201908959,Missing
CL0109,2025-02-19,49770.85201908959,Paid
CL0109,2025-03-21,49770.85201908959,Paid
CL0109,2025-04-20,49770.85201908959,Paid
CL0109,2025-05-20,49770.85201908959,Paid
CL0109,2025-06-19,49770.85201908959,Paid
CL0109,2025-07-19,49770.85201908959,Paid
CL0109,2025-08-18,49770.85201908959,Paid
CL0109,2025-09-17,49770.85201908959,Paid
CL0109,2025-10-17,49770.85201908959,Paid
CL0109,2025-11-16,49770.85201908959,Paid
CL0110,2023-01-01,12825.286214876927,Paid
CL0110,2023-01-31,12825.286214876927,Paid
CL0110,2023-03-02,12825.286214876927,Paid
CL0110,2023-04-01,12825.286214876927,Paid
CL0110,2023-05-01,12825.286214876927,Paid
CL0110,2023-05-31,12825.286214876927,Paid
CL0110,2023-06-30,12825.286214876927,Paid
CL0110,2023-07-30,12825.286214876927,Missing
CL0110,2023-08-29,12825.286214876927,Paid
CL0110,2023-09-28,12825.286214876927,Paid
CL0110,2023-10-28,12825.286214876927,Paid
CL0110,2023-11-27,12825.286214876927,Paid
CL0110,2023-12-27,12825.286214876927,Paid
CL0110,2024-01-26,12825.286214876927,Paid
CL0110,2024-02-25,12825.286214876927,Paid
CL0110,2024-03-26,12825.286214876927,Paid
CL0110,2024-04-25,12825.286214876927,Paid
CL0110,2024-05-25,12825.286214876927,Paid
CL0110,2024-06-24,12825.286214876927,Paid
CL0110,2024-07-24,12825.286214876927,Missing
CL0110,2024-08-23,12825.286214876927,Paid
CL0110,2024-09-22,12825.286214876927,Paid
CL0110,2024-10-22,12825.286214876927,Paid
CL0110,2024-11-21,12825.286214876927,Paid
CL0110,2024-12-21,12825.286214876927,Paid
CL0110,2025-01-20,12825.286214876927,Paid
CL0110,2025-02-19,12825.286214876927,Paid
CL0110,2025-03-21,12825.286214876927,Paid
CL0110,2025-04-20,12825.286214876927,Paid
CL0110,2025-05-20,12825.286214876927,Paid
CL0110,2025-06-19,12825.286214876927,Paid
CL0110,2025-07-19,12825.286214876927,Paid
CL0110,2025-08-18,12825.286214876927,Paid
CL0110,2025-09-17,12825.286214876927,Paid
CL0110,2025-10-17,12825.286214876927,Paid
CL0110,2025-11-16,12825.286214876927,Paid
CL0111,2023-01-01,22830.89085061964,Paid
CL0111,2023-01-31,22830.89085061964,Paid
CL0111,2023-03-02,22830.89085061964,Paid
CL0111,2023-04-01,22830.89085061964,Paid
CL0111,2023-05-01,22830.89085061964,Paid
CL0111,2023-05-31,22830.89085061964,Paid
CL0111,2023-06-30,22830.89085061964,Missing
CL0111,2023-07-30,22830.89085061964,Paid
CL0111,2023-08-29,22830.89085061964,Paid
CL0111,2023-09-28,22830.89085061964,Paid
CL0111,2023-10-28,22830.89085061964,Paid
CL0111,2023-11-27,22830.89085061964,Paid
CL0111,2023-12-27,22830.89085061964,Paid
CL0111,2024-01-26,22830.89085061964,Paid
CL0111,2024-02-25,22830.89085061964,Paid
CL0111,2024-03-26,22830.89085061964,Paid
CL0111,2024-04-25,22830.89085061964,Paid
CL0111,2024-05-25,22830.89085061964,Paid
CL0111,2024-06-24,22830.89085061964,Missing
CL0111,2024-07-24,22830.89085061964,Paid
CL0111,2024-08-23,22830.89085061964,Paid
CL0111,2024-09-22,22830.89085061964,Paid
CL0111,2024-10-22,22830.89085061964,Missing
CL0111,2024-11-21,22830.89085061964,Paid
CL0111,2024-12-21,22830.89085061964,Paid
CL0111,2025-01-20,22830.89085061964,Paid
CL0111,2025-02-19,22830.89085061964,Paid
CL0111,2025-03-21,22830.89085061964,Paid
CL0111,2025-04-20,22830.89085061964,Paid
CL0111,2025-05-20,22830.89085061964,Paid
CL0111,2025-06-19,22830.89085061964,Paid
CL0111,2025-07-19,22830.89085061964,Paid
CL0111,2025-08-18,22830.89085061964,Paid
CL0111,2025-09-17,22830.89085061964,Paid
CL0111,2025-10-17,22830.89085061964,Paid
CL0111,2025-11-16,22830.89085061964,Paid
CL0112,2023-01-01,39120.731406684106,Paid
CL0112,2023-01-31,39120.731406684106,Paid
CL0112,2023-03-02,39120.731406684106,Paid
CL0112,2023-04-01,39120.731406684106,Paid
CL0112,2023-05-01,39120.731406684106,Paid
CL0112,2023-05-31,39120.731406684106,Paid
CL0112,2023-06-30,39120.731406684106,Paid
CL0112,2023-07-30,39120.731406684106,Missing
CL0112,2023-08-29,39120.731406684106,Paid
CL0112,2023-09-28,39120.731406684106,Paid
CL0112,2023-10-28,39120.731406684106,Paid
CL0112,2023-11-27,39120.731406684106,Paid
CL0112,2023-12-27,39120.731406684106,Paid
CL0112,2024-01-26,39120.731406684106,Missing
CL0112,2024-02-25,39120.731406684106,Paid
CL0112,2024-03-26,39120.731406684106,Paid
CL0112,2024-04-25,39120.731406684106,Paid
CL0112,2024-05-25,39120.731406684106,Paid
CL0112,2024-06-24,39120.731406684106,Missing
CL0112,2024-07-24,39120.731406684106,Paid
CL0112,2024-08-23,39120.731406684106,Paid
CL0112,2024-09-22,39120.731406684106,Paid
CL0112,2024-10-22,39120.731406684106,Missing
CL0112,2024-11-21,39120.731406684106,Paid
CL0112,2024-12-21,39120.731406684106,Missing
CL0112,2025-01-20,39120.731406684106,Paid
CL0112,2025-02-19,39120.731406684106,Paid
CL0112,2025-03-21,39120.731406684106,Paid
CL0112,2025-04-20,39120.731406684106,Paid
CL0112,2025-05-20,39120.731406684106,Paid
CL0112,2025-06-19,39120.731406684106,Paid
CL0112,2025-07-19,39120.731406684106,Paid
CL0112,2025-08-18,39120.731406684106,Paid
CL0112,2025-09-17,39120.731406684106,Paid
CL0112,2025-10-17,39120.731406684106,Missing
CL0112,2025-11-16,39120.731406684106,Paid
CL0113,2023-01-01,36320.92781242065,Paid
CL0113,2023-01-31,36320.92781242065,Paid
CL0113,2023-03-02,36320.92781242065,Missing
CL0113,2023-04-01,36320.92781242065,Paid
CL0113,2023-05-01,36320.92781242065,Paid
CL0113,2023-05-31,36320.92781242065,Paid
CL0113,2023-06-30,36320.92781242065,Paid
CL0113,2023-07-30,36320.92781242065,Paid
CL0113,2023-08-29,36320.92781242065,Missing
CL0113,2023-09-28,36320.92781242065,Paid
CL0113,2023-10-28,36320.92781242065,Paid
CL0113,2023-11-27,36320.92781242065,Paid
CL0113,2023-12-27,36320.92781242065,Paid
CL0113,2024-01-26,36320.92781242065,Paid
CL0113,2024-02-25,36320.92781242065,Missing
CL0113,2024-03-26,36320.92781242065,Missing
CL0113,2024-04-25,36320.92781242065,Paid
CL0113,2024-05-25,36320.92781242065,Paid
CL0113,2024-06-24,36320.92781242065,Paid
CL0113,2024-07-24,36320.92781242065,Paid
CL0113,2024-08-23,36320.92781242065,Paid
CL0113,2024-09-22,36320.92781242065,Paid
CL0113,2024-10-22,36320.92781242065,Paid
CL0113,2024-11-21,36320.92781242065,Paid
CL0113,2024-12-21,36320.92781242065,Paid
CL0113,2025-01-20,36320.92781242065,Paid
CL0113,2025-02-19,36320.92781242065,Paid
CL0113,2025-03-21,36320.92781242065,Paid
CL0113,2025-04-20,36320.92781242065,Paid
CL0113,2025-05-20,36320.92781242065,Paid
CL0113,2025-06-19,36320.92781242065,Paid
CL0113,2025-07-19,36320.92781242065,Missing
CL0113,2025-08-18,36320.92781242065,Paid
CL0113,2025-09-17,36320.92781242065,Paid
CL0113,2025-10-17,36320.92781242065,Paid
CL0113,2025-11-16,36320.92781242065,Paid
CL0114,2023-01-01,11925.315785293478,Paid
CL0114,2023-01-31,11925.315785293478,Paid
CL0114,2023-03-02,11925.315785293478,Paid
CL0114,2023-04-01,11925.315785293478,Paid
CL0114,2023-05-01,11925.315785293478,Missing
CL0114,2023-05-31,11925.315785293478,Paid
CL0114,2023-06-30,11925.315785293478,Paid
CL0114,2023-07-30,11925.315785293478,Paid
CL0114,2023-08-29,11925.315785293478,Paid
CL0114,2023-09-28,11925.315785293478,Paid
CL0114,2023-10-28,11925.315785293478,Paid
CL0114,2023-11-27,11925.315785293478,Paid
CL0114,2023-12-27,11925.315785293478,Paid
CL0114,2024-01-26,11925.315785293478,Paid
CL0114,2024-02-25,11925.315785293478,Paid
CL0114,2024-03-26,11925.315785293478,Paid
CL0114,2024-04-25,11925.315785293478,Paid
CL0114,2024-05-25,11925.315785293478,Paid
CL0114,2024-06-24,11925.315785293478,Paid
CL0114,2024-07-24,11925.315785293478,Paid
CL0114,2024-08-23,11925.315785293478,Paid
CL0114,2024-09-22,11925.315785293478,Paid
CL0114,2024-10-22,11925.315785293478,Paid
CL0114,2024-11-21,11925.315785293478,Missing
CL0114,2024-12-21,11925.315785293478,Paid
CL0114,2025-01-20,11925.315785293478,Missing
CL0114,2025-02-19,11925.315785293478,Missing
CL0114,2025-03-21,11925.315785293478,Paid
CL0114,2025-04-20,11925.315785293478,Paid
CL0114,2025-05-20,11925.315785293478,Paid
CL0114,2025-06-19,11925.315785293478,Paid
CL0114,2025-07-19,11925.315785293478,Paid
CL0114,2025-08-18,11925.315785293478,Paid
CL0114,2025-09-17,11925.315785293478,Paid
CL0114,2025-10-17,11925.315785293478,Paid
CL0114,2025-11-16,11925.315785293478,Paid
CL0115,2023-01-01,41712.4906245778,Missing
CL0115,2023-01-31,41712.4906245778,Missing
CL0115,2023-03-02,41712.4906245778,Paid
CL0115,2023-04-01,41712.4906245778,Paid
CL0115,2023-05-01,41712.4906245778,Paid
CL0115,2023-05-31,41712.4906245778,Paid
CL0115,2023-06-30,41712.4906245778,Paid
CL0115,2023-07-30,41712.4906245778,Paid
CL0115,2023-08-29,41712.4906245778,Paid
CL0115,2023-09-28,41712.4906245778,Paid
CL0115,2023-10-28,41712.4906245778,Paid
CL0115,2023-11-27,41712.4906245778,Paid
CL0115,2023-12-27,41712.4906245778,Paid
CL0115,2024-01-26,41712.4906245778,Paid
CL0115,2024-02-25,41712.4906245778,Paid
CL0115,2024-03-26,41712.4906245778,Paid
CL0115,2024-04-25,41712.4906245778,Paid
CL0115,2024-05-25,41712.4906245778,Paid
CL0115,2024-06-24,41712.4906245778,Paid
CL0115,2024-07-24,41712.4906245778,Paid
CL0115,2024-08-23,41712.4906245778,Missing
CL0115,2024-09-22,41712.4906245778,Paid
CL0115,2024-10-22,41712.4906245778,Paid
CL0115,2024-11-21,41712.4906245778,Paid
CL0115,2024-12-21,41712.4906245778,Paid
CL0115,2025-01-20,41712.4906245778,Paid
CL0115,2025-02-19,41712.4906245778,Paid
CL0115,2025-03-21,41712.4906245778,Paid
CL0115,2025-04-20,41712.4906245778,Paid
CL0115,2025-05-20,41712.4906245778,Paid
CL0115,2025-06-19,41712.4906245778,Paid
CL0115,2025-07-19,41712.4906245778,Paid
CL0115,2025-08-18,41712.4906245778,Missing
CL0115,2025-09-17,41712.4906245778,Paid
CL0115,2025-10-17,41712.4906245778,Paid
CL0115,2025-11-16,41712.4906245778,Paid
CL0116,2023-01-01,15099.82573264973,Paid
CL0116,2023-01-31,15099.82573264973,Paid
CL0116,2023-03-02,15099.82573264973,Missing
CL0116,2023-04-01,15099.82573264973,Paid
CL0116,2023-05-01,15099.82573264973,Paid
CL0116,2023-05-31,15099.82573264973,Paid
CL0116,2023-06-30,15099.82573264973,Paid
CL0116,2023-07-30,15099.82573264973,Missing
CL0116,2023-08-29,15099.82573264973,Paid
CL0116,2023-09-28,15099.82573264973,Paid
CL0116,2023-10-28,15099.82573264973,Paid
CL0116,2023-11-27,15099.82573264973,Paid
CL0116,2023-12-27,15099.82573264973,Paid
CL0116,2024-01-26,15099.82573264973,Missing
CL0116,2024-02-25,15099.82573264973,Paid
CL0116,2024-03-26,15099.82573264973,Paid
CL0116,2024-04-25,15099.82573264973,Missing
CL0116,2024-05-25,15099.82573264973,Paid
CL0116,2024-06-24,15099.82573264973,Paid
CL0116,2024-07-24,15099.82573264973,Paid
CL0116,2024-08-23,15099.82573264973,Paid
CL0116,2024-09-22,15099.82573264973,Paid
CL0116,2024-10-22,15099.82573264973,Paid
CL0116,2024-11-21,15099.82573264973,Paid
CL0116,2024-12-21,15099.82573264973,Missing
CL0116,2025-01-20,15099.82573264973,Paid
CL0116,2025-02-19,15099.82573264973,Paid
CL0116,2025-03-21,15099.82573264973,Paid
CL0116,2025-04-20,15099.82573264973,Paid
CL0116,2025-05-20,15099.82573264973,Paid
CL0116,2025-06-19,15099.82573264973,Paid
CL0116,2025-07-19,15099.82573264973,Paid
CL0116,2025-08-18,15099.82573264973,Paid
CL0116,2025-09-17,15099.82573264973,Paid
CL0116,2025-10-17,15099.82573264973,Paid
CL0116,2025-11-16,15099.82573264973,Paid
CL0117,2023-01-01,15071.79266701804,Paid
CL0117,2023-01-31,15071.79266701804,Paid
CL0117,2023-03-02,15071.79266701804,Paid
CL0117,2023-04-01,15071.79266701804,Paid
CL0117,2023-05-01,15071.79266701804,Paid
CL0117,2023-05-31,15071.79266701804,Paid
CL0117,2023-06-30,15071.79266701804,Paid
CL0117,2023-07-30,15071.79266701804,Paid
CL0117,2023-08-29,15071.79266701804,Paid
CL0117,2023-09-28,15071.79266701804,Paid
CL0117,2023-10-28,15071.79266701804,Paid
CL0117,2023-11-27,15071.79266701804,Paid
CL0117,2023-12-27,15071.79266701804,Paid
CL0117,2024-01-26,15071.79266701804,Paid
CL0117,2024-02-25,15071.79266701804,Missing
CL0117,2024-03-26,15071.79266701804,Paid
CL0117,2024-04-25,15071.79266701804,Paid
CL0117,2024-05-25,15071.79266701804,Paid
CL0117,2024-06-24,15071.79266701804,Paid
CL0117,2024-07-24,15071.79266701804,Missing
CL0117,2024-08-23,15071.79266701804,Paid
CL0117,2024-09-22,15071.79266701804,Paid
CL0117,2024-10-22,15071.79266701804,Missing
CL0117,2024-11-21,15071.79266701804,Paid
CL0117,2024-12-21,15071.79266701804,Paid
CL0117,2025-01-20,15071.79266701804,Paid
CL0117,2025-02-19,15071.79266701804,Paid
CL0117,2025-03-21,15071.79266701804,Paid
CL0117,2025-04-20,15071.79266701804,Paid
CL0117,2025-05-20,15071.79266701804,Paid
CL0117,2025-06-19,15071.79266701804,Paid
CL0117,2025-07-19,15071.79266701804,Paid
CL0117,2025-08-18,15071.79266701804,Paid
CL0117,2025-09-17,15071.79266701804,Paid
CL0117,2025-10-17,15071.79266701804,Paid
CL0117,2025-11-16,15071.79266701804,Paid
CL0118,2023-01-01,29163.84903020361,Paid
CL0118,2023-01-31,29163.84903020361,Paid
CL0118,2023-03-02,29163.84903020361,Missing
CL0118,2023-04-01,29163.84903020361,Paid
CL0118,2023-05-01,29163.84903020361,Paid
CL0118,2023-05-31,29163.84903020361,Paid
CL0118,2023-06-30,29163.84903020361,Missing
CL0118,2023-07-30,29163.84903020361,Paid
CL0118,2023-08-29,29163.84903020361,Paid
CL0118,2023-09-28,29163.84903020361,Paid
CL0118,2023-10-28,29163.84903020361,Paid
CL0118,2023-11-27,29163.84903020361,Paid
CL0118,2023-12-27,29163.84903020361,Missing
CL0118,2024-01-26,29163.84903020361,Paid
CL0118,2024-02-25,29163.84903020361,Paid
CL0118,2024-03-26,29163.84903020361,Paid
CL0118,2024-04-25,29163.84903020361,Paid
CL0118,2024-05-25,29163.84903020361,Paid
CL0118,2024-06-24,29163.84903020361,Paid
CL0118,2024-07-24,29163.84903020361,Paid
CL0118,2024-08-23,29163.84903020361,Paid
CL0118,2024-09-22,29163.84903020361,Paid
CL0118,2024-10-22,29163.84903020361,Paid
CL0118,2024-11-21,29163.84903020361,Paid
CL0118,2024-12-21,29163.84903020361,Missing
CL0118,2025-01-20,29163.84903020361,Paid
CL0118,2025-02-19,29163.84903020361,Paid
CL0118,2025-03-21,29163.84903020361,Paid
CL0118,2025-04-20,29163.84903020361,Paid
CL0118,2025-05-20,29163.84903020361,Paid
CL0118,2025-06-19,29163.84903020361,Missing
CL0118,2025-07-19,29163.84903020361,Paid
CL0118,2025-08-18,29163.84903020361,Paid
CL0118,2025-09-17,29163.84903020361,Paid
CL0118,2025-10-17,29163.84903020361,Missing
CL0118,2025-11-16,29163.84903020361,Paid
CL0119,2023-01-01,31682.297067876643,Paid
CL0119,2023-01-31,31682.297067876643,Paid
CL0119,2023-03-02,31682.297067876643,Paid
CL0119,2023-04-01,31682.297067876643,Paid
CL0119,2023-05-01,31682.297067876643,Paid
CL0119,2023-05-31,31682.297067876643,Paid
CL0119,2023-06-30,31682.297067876643,Paid
CL0119,2023-07-30,31682.297067876643,Paid
CL0119,2023-08-29,31682.297067876643,Paid
CL0119,2023-09-28,31682.297067876643,Paid
CL0119,2023-10-28,31682.297067876643,Paid
CL0119,2023-11-27,31682.297067876643,Paid
CL0119,2023-12-27,31682.297067876643,Paid
CL0119,2024-01-26,31682.297067876643,Paid
CL0119,2024-02-25,31682.297067876643,Paid
CL0119,2024-03-26,31682.297067876643,Paid
CL0119,2024-04-25,31682.297067876643,Paid
CL0119,2024-05-25,31682.297067876643,Missing
CL0119,2024-06-24,31682.297067876643,Paid
CL0119,2024-07-24,31682.297067876643,Paid
CL0119,2024-08-23,31682.297067876643,Paid
CL0119,2024-09-22,31682.297067876643,Paid
CL0119,2024-10-22,31682.297067876643,Paid
CL0119,2024-11-21,31682.297067876643,Paid
CL0119,2024-12-21,31682.297067876643,Missing
CL0119,2025-01-20,31682.297067876643,Paid
CL0119,2025-02-19,31682.297067876643,Paid
CL0119,2025-03-21,31682.297067876643,Paid
CL0119,2025-04-20,31682.297067876643,Paid
CL0119,2025-05-20,31682.297067876643,Paid
CL0119,2025-06-19,31682.297067876643,Paid
CL0119,2025-07-19,31682.297067876643,Paid
CL0119,2025-08-18,31682.297067876643,Paid
CL0119,2025-09-17,31682.297067876643,Paid
CL0119,2025-10-17,31682.297067876643,Missing
CL0119,2025-11-16,31682.297067876643,Paid
CL0120,2023-01-01,31103.879352701504,Paid
CL0120,2023-01-31,31103.879352701504,Paid
CL0120,2023-03-02,31103.879352701504,Missing
CL0120,2023-04-01,31103.879352701504,Paid
CL0120,2023-05-01,31103.879352701504,Paid
CL0120,2023-05-31,31103.879352701504,Paid
CL0120,2023-06-30,31103.879352701504,Paid
CL0120,2023-07-30,31103.879352701504,Paid
CL0120,2023-08-29,31103.879352701504,Paid
CL0120,2023-09-28,31103.879352701504,Missing
CL0120,2023-10-28,31103.879352701504,Paid
CL0120,2023-11-27,31103.879352701504,Paid
CL0120,2023-12-27,31103.879352701504,Paid
CL0120,2024-01-26,31103.879352701504,Paid
CL0120,2024-02-25,31103.879352701504,Paid
CL0120,2024-03-26,31103.879352701504,Paid
CL0120,2024-04-25,31103.879352701504,Missing
CL0120,2024-05-25,31103.879352701504,Paid
CL0120,2024-06-24,31103.879352701504,Paid
CL0120,2024-07-24,31103.879352701504,Paid
CL0120,2024-08-23,31103.879352701504,Paid
CL0120,2024-09-22,31103.879352701504,Paid
CL0120,2024-10-22,31103.879352701504,Paid
CL0120,2024-11-21,31103.879352701504,Paid
CL0120,2024-12-21,31103.879352701504,Paid
CL0120,2025-01-20,31103.879352701504,Paid
CL0120,2025-02-19,31103.879352701504,Missing
CL0120,2025-03-21,31103.879352701504,Paid
CL0120,2025-04-20,31103.879352701504,Paid
CL0120,2025-05-20,31103.879352701504,Paid
CL0120,2025-06-19,31103.879352701504,Paid
CL0120,2025-07-19,31103.879352701504,Paid
CL0120,2025-08-18,31103.879352701504,Paid
CL0120,2025-09-17,31103.879352701504,Paid
CL0120,2025-10-17,31103.879352701504,Paid
CL0120,2025-11-16,31103.879352701504,Missing
CL0121,2023-01-01,9116.90768289897,Paid
CL0121,2023-01-31,9116.90768289897,Paid
CL0121,2023-03-02,9116.90768289897,Paid
CL0121,2023-04-01,9116.90768289897,Paid
CL0121,2023-05-01,9116.90768289897,Paid
CL0121,2023-05-31,9116.90768289897,Paid
CL0121,2023-06-30,9116.90768289897,Paid
CL0121,2023-07-30,9116.90768289897,Paid
CL0121,2023-08-29,9116.90768289897,Paid
CL0121,2023-09-28,9116.90768289897,Paid
CL0121,2023-10-28,9116.90768289897,Paid
CL0121,2023-11-27,9116.90768289897,Paid
CL0121,2023-12-27,9116.90768289897,Paid
CL0121,2024-01-26,9116.90768289897,Paid
CL0121,2024-02-25,9116.90768289897,Paid
CL0121,2024-03-26,9116.90768289897,Paid
CL0121,2024-04-25,9116.90768289897,Paid
CL0121,2024-05-25,9116.90768289897,Paid
CL0121,2024-06-24,9116.90768289897,Paid
CL0121,2024-07-24,9116.90768289897,Paid
CL0121,2024-08-23,9116.90768289897,Missing
CL0121,2024-09-22,9116.90768289897,Paid
CL0121,2024-10-22,9116.90768289897,Paid
CL0121,2024-11-21,9116.90768289897,Paid
CL0121,2024-12-21,9116.90768289897,Paid
CL0121,2025-01-20,9116.90768289897,Paid
CL0121,2025-02-19,9116.90768289897,Paid
CL0121,2025-03-21,9116.90768289897,Paid
CL0121,2025-04-20,9116.90768289897,Missing
CL0121,2025-05-20,9116.90768289897,Paid
CL0121,2025-06-19,9116.90768289897,Paid
CL0121,2025-07-19,9116.90768289897,Paid
CL0121,2025-08-18,9116.90768289897,Paid
CL0121,2025-09-17,9116.90768289897,Paid
CL0121,2025-10-17,9116.90768289897,Paid
CL0121,2025-11-16,9116.90768289897,Paid
CL0122,2023-01-01,44485.73881836712,Paid
CL0122,2023-01-31,44485.73881836712,Paid
CL0122,2023-03-02,44485.73881836712,Paid
CL0122,2023-04-01,44485.73881836712,Missing
CL0122,2023-05-01,44485.73881836712,Paid
CL0122,2023-05-31,44485.73881836712,Paid
CL0122,2023-06-30,44485.73881836712,Paid
CL0122,2023-07-30,44485.73881836712,Paid
CL0122,2023-08-29,44485.73881836712,Paid
CL0122,2023-09-28,44485.73881836712,Paid
CL0122,2023-10-28,44485.73881836712,Missing
CL0122,2023-11-27,44485.73881836712,Paid
CL0122,2023-12-27,44485.73881836712,Paid
CL0122,2024-01-26,44485.73881836712,Paid
CL0122,2024-02-25,44485.73881836712,Paid
CL0122,2024-03-26,44485.73881836712,Paid
CL0122,2024-04-25,44485.73881836712,Paid
CL0122,2024-05-25,44485.73881836712,Paid
CL0122,2024-06-24,44485.73881836712,Paid
CL0122,2024-07-24,44485.73881836712,Paid
CL0122,2024-08-23,44485.73881836712,Paid
CL0122,2024-09-22,44485.73881836712,Paid
CL0122,2024-10-22,44485.73881836712,Missing
CL0122,2024-11-21,44485.73881836712,Paid
CL0122,2024-12-21,44485.73881836712,Paid
CL0122,2025-01-20,44485.73881836712,Paid
CL0122,2025-02-19,44485.73881836712,Missing
CL0122,2025-03-21,44485.73881836712,Missing
CL0122,2025-04-20,44485.73881836712,Paid
CL0122,2025-05-20,44485.73881836712,Paid
CL0122,2025-06-19,44485.73881836712,Paid
CL0122,2025-07-19,44485.73881836712,Paid
CL0122,2025-08-18,44485.73881836712,Paid
CL0122,2025-09-17,44485.73881836712,Paid
CL0122,2025-10-17,44485.73881836712,Missing
CL0122,2025-11-16,44485.73881836712,Paid
CL0123,2023-01-01,16952.001916491772,Paid
CL0123,2023-01-31,16952.001916491772,Missing
CL0123,2023-03-02,16952.001916491772,Paid
CL0123,2023-04-01,16952.001916491772,Paid
CL0123,2023-05-01,16952.001916491772,Paid
CL0123,2023-05-31,16952.001916491772,Paid
CL0123,2023-06-30,16952.001916491772,Missing
CL0123,2023-07-30,16952.001916491772,Missing
CL0123,2023-08-29,16952.001916491772,Paid
CL0123,2023-09-28,16952.001916491772,Paid
CL0123,2023-10-28,16952.001916491772,Paid
CL0123,2023-11-27,16952.001916491772,Paid
CL0123,2023-12-27,16952.001916491772,Paid
CL0123,2024-01-26,16952.001916491772,Paid
CL0123,2024-02-25,16952.001916491772,Paid
CL0123,2024-03-26,16952.001916491772,Paid
CL0123,2024-04-25,16952.001916491772,Paid
CL0123,2024-05-25,16952.001916491772,Paid
CL0123,2024-06-24,16952.001916491772,Missing
CL0123,2024-07-24,16952.001916491772,Paid
CL0123,2024-08-23,16952.001916491772,Paid
CL0123,2024-09-22,16952.001916491772,Paid
CL0123,2024-10-22,16952.001916491772,Paid
CL0123,2024-11-21,16952.001916491772,Paid
CL0123,2024-12-21,16952.001916491772,Paid
CL0123,2025-01-20,16952.001916491772,Paid
CL0123,2025-02-19,16952.001916491772,Paid
CL0123,2025-03-21,16952.001916491772,Missing
CL0123,2025-04-20,16952.001916491772,Paid
CL0123,2025-05-20,16952.001916491772,Paid
CL0123,2025-06-19,16952.001916491772,Paid
CL0123,2025-07-19,16952.001916491772,Paid
CL0123,2025-08-18,16952.001916491772,Paid
CL0123,2025-09-17,16952.001916491772,Paid
CL0123,2025-10-17,16952.001916491772,Paid
CL0123,2025-11-16,16952.001916491772,Paid
CL0124,2023-01-01,10828.171457726188,Paid
CL0124,2023-01-31,10828.171457726188,Paid
CL0124,2023-03-02,10828.171457726188,Paid
CL0124,2023-04-01,10828.171457726188,Paid
CL0124,2023-05-01,10828.171457726188,Paid
CL0124,2023-05-31,10828.171457726188,Paid
CL0124,2023-06-30,10828.171457726188,Paid
CL0124,2023-07-30,10828.171457726188,Paid
CL0124,2023-08-29,10828.171457726188,Paid
CL0124,2023-09-28,10828.171457726188,Paid
CL0124,2023-10-28,10828.171457726188,Paid
CL0124,2023-11-27,10828.171457726188,Paid
CL0124,2023-12-27,10828.171457726188,Paid
CL0124,2024-01-26,10828.171457726188,Paid
CL0124,2024-02-25,10828.171457726188,Paid
CL0124,2024-03-26,10828.171457726188,Paid
CL0124,2024-04-25,10828.171457726188,Missing
CL0124,2024-05-25,10828.171457726188,Paid
CL0124,2024-06-24,10828.171457726188,Paid
CL0124,2024-07-24,10828.171457726188,Paid
CL0124,2024-08-23,10828.171457726188,Paid
CL0124,2024-09-22,10828.171457726188,Paid
CL0124,2024-10-22,10828.171457726188,Paid
CL0124,2024-11-21,10828.171457726188,Paid
CL0124,2024-12-21,10828.171457726188,Paid
CL0124,2025-01-20,10828.171457726188,Paid
CL0124,2025-02-19,10828.171457726188,Paid
CL0124,2025-03-21,10828.171457726188,Paid
CL0124,2025-04-20,10828.171457726188,Paid
CL0124,2025-05-20,10828.171457726188,Paid
CL0124,2025-06-19,10828.171457726188,Missing
CL0124,2025-07-19,10828.171457726188,Paid
CL0124,2025-08-18,10828.171457726188,Paid
CL0124,2025-09-17,10828.171457726188,Paid
CL0124,2025-10-17,10828.171457726188,Paid
CL0124,2025-11-16,10828.171457726188,Paid
CL0125,2023-01-01,44993.66359410397,Paid
CL0125,2023-01-31,44993.66359410397,Paid
CL0125,2023-03-02,44993.66359410397,Paid
CL0125,2023-04-01,44993.66359410397,Missing
CL0125,2023-05-01,44993.66359410397,Paid
CL0125,2023-05-31,44993.66359410397,Paid
CL0125,2023-06-30,44993.66359410397,Paid
CL0125,2023-07-30,44993.66359410397,Paid
CL0125,2023-08-29,44993.66359410397,Paid
CL0125,2023-09-28,44993.66359410397,Paid
CL0125,2023-10-28,44993.66359410397,Paid
CL0125,2023-11-27,44993.66359410397,Paid
CL0125,2023-12-27,44993.66359410397,Paid
CL0125,2024-01-26,44993.66359410397,Paid
CL0125,2024-02-25,44993.66359410397,Paid
CL0125,2024-03-26,44993.66359410397,Paid
CL0125,2024-04-25,44993.66359410397,Paid
CL0125,2024-05-25,44993.66359410397,Paid
CL0125,2024-06-24,44993.66359410397,Paid
CL0125,2024-07-24,44993.66359410397,Paid
CL0125,2024-08-23,44993.66359410397,Paid
CL0125,2024-09-22,44993.66359410397,Paid
CL0125,2024-10-22,44993.66359410397,Paid
CL0125,2024-11-21,44993.66359410397,Paid
CL0125,2024-12-21,44993.66359410397,Paid
CL0125,2025-01-20,44993.66359410397,Paid
CL0125,2025-02-19,44993.66359410397,Paid
CL0125,2025-03-21,44993.66359410397,Paid
CL0125,2025-04-20,44993.66359410397,Paid
CL0125,2025-05-20,44993.66359410397,Paid
CL0125,2025-06-19,44993.66359410397,Paid
CL0125,2025-07-19,44993.66359410397,Paid
CL0125,2025-08-18,44993.66359410397,Missing
CL0125,2025-09-17,44993.66359410397,Paid
CL0125,2025-10-17,44993.66359410397,Paid
CL0125,2025-11-16,44993.66359410397,Paid
CL0126,2023-01-01,48004.3174203389,Paid
CL0126,2023-01-31,48004.3174203389,Paid
CL0126,2023-03-02,48004.3174203389,Paid
CL0126,2023-04-01,48004.3174203389,Paid
CL0126,2023-05-01,48004.3174203389,Paid
CL0126,2023-05-31,48004.3174203389,Paid
CL0126,2023-06-30,48004.3174203389,Paid
CL0126,2023-07-30,48004.3174203389,Paid
CL0126,2023-08-29,48004.3174203389,Paid
CL0126,2023-09-28,48004.3174203389,Paid
CL0126,2023-10-28,48004.3174203389,Paid
CL0126,2023-11-27,48004.3174203389,Paid
CL0126,2023-12-27,48004.3174203389,Paid
CL0126,2024-01-26,48004.3174203389,Paid
CL0126,2024-02-25,48004.3174203389,Paid
CL0126,2024-03-26,48004.3174203389,Paid
CL0126,2024-04-25,48004.3174203389,Paid
CL0126,2024-05-25,48004.3174203389,Paid
CL0126,2024-06-24,48004.3174203389,Paid
CL0126,2024-07-24,48004.3174203389,Paid
CL0126,2024-08-23,48004.3174203389,Missing
CL0126,2024-09-22,48004.3174203389,Paid
CL0126,2024-10-22,48004.3174203389,Paid
CL0126,2024-11-21,48004.3174203389,Missing
CL0126,2024-12-21,48004.3174203389,Paid
CL0126,2025-01-20,48004.3174203389,Missing
CL0126,2025-02-19,48004.3174203389,Paid
CL0126,2025-03-21,48004.3174203389,Paid
CL0126,2025-04-20,48004.3174203389,Paid
CL0126,2025-05-20,48004.3174203389,Paid
CL0126,2025-06-19,48004.3174203389,Paid
CL0126,2025-07-19,48004.3174203389,Paid
CL0126,2025-08-18,48004.3174203389,Paid
CL0126,2025-09-17,48004.3174203389,Paid
CL0126,2025-10-17,48004.3174203389,Paid
CL0126,2025-11-16,48004.3174203389,Missing
CL0127,2023-01-01,43795.74277694528,Paid
CL0127,2023-01-31,43795.74277694528,Paid
CL0127,2023-03-02,43795.74277694528,Missing
CL0127,2023-04-01,43795.74277694528,Paid
CL0127,2023-05-01,43795.74277694528,Paid
CL0127,2023-05-31,43795.74277694528,Paid
CL0127,2023-06-30,43795.74277694528,Paid
CL0127,2023-07-30,43795.74277694528,Paid
CL0127,2023-08-29,43795.74277694528,Paid
CL0127,2023-09-28,43795.74277694528,Paid
CL0127,2023-10-28,43795.74277694528,Paid
CL0127,2023-11-27,43795.74277694528,Paid
CL0127,2023-12-27,43795.74277694528,Paid
CL0127,2024-01-26,43795.74277694528,Missing
CL0127,2024-02-25,43795.74277694528,Missing
CL0127,2024-03-26,43795.74277694528,Paid
CL0127,2024-04-25,43795.74277694528,Paid
CL0127,2024-05-25,43795.74277694528,Paid
CL0127,2024-06-24,43795.74277694528,Paid
CL0127,2024-07-24,43795.74277694528,Paid
CL0127,2024-08-23,43795.74277694528,Missing
CL0127,2024-09-22,43795.74277694528,Paid
CL0127,2024-10-22,43795.74277694528,Missing
CL0127,2024-11-21,43795.74277694528,Paid
CL0127,2024-12-21,43795.74277694528,Paid
CL0127,2025-01-20,43795.74277694528,Paid
CL0127,2025-02-19,43795.74277694528,Paid
CL0127,2025-03-21,43795.74277694528,Paid
CL0127,2025-04-20,43795.74277694528,Paid
CL0127,2025-05-20,43795.74277694528,Paid
CL0127,2025-06-19,43795.74277694528,Missing
CL0127,2025-07-19,43795.74277694528,Paid
CL0127,2025-08-18,43795.74277694528,Paid
CL0127,2025-09-17,43795.74277694528,Paid
CL0127,2025-10-17,43795.74277694528,Missing
CL0127,2025-11-16,43795.74277694528,Paid
CL0128,2023-01-01,41428.22336261952,Paid
CL0128,2023-01-31,41428.22336261952,Paid
CL0128,2023-03-02,41428.22336261952,Missing
CL0128,2023-04-01,41428.22336261952,Paid
CL0128,2023-05-01,41428.22336261952,Paid
CL0128,2023-05-31,41428.22336261952,Paid
CL0128,2023-06-30,41428.22336261952,Paid
CL0128,2023-07-30,41428.22336261952,Paid
CL0128,2023-08-29,41428.22336261952,Paid
CL0128,2023-09-28,41428.22336261952,Paid
CL0128,2023-10-28,41428.22336261952,Paid
CL0128,2023-11-27,41428.22336261952,Paid
CL0128,2023-12-27,41428.22336261952,Missing
CL0128,2024-01-26,41428.22336261952,Missing
CL0128,2024-02-25,41428.22336261952,Paid
CL0128,2024-03-26,41428.22336261952,Paid
CL0128,2024-04-25,41428.22336261952,Paid
CL0128,2024-05-25,41428.22336261952,Paid
CL0128,2024-06-24,41428.22336261952,Paid
CL0128,2024-07-24,41428.22336261952,Paid
CL0128,2024-08-23,41428.22336261952,Paid
CL0128,2024-09-22,41428.22336261952,Paid
CL0128,2024-10-22,41428.22336261952,Paid
CL0128,2024-11-21,41428.22336261952,Paid
CL0128,2024-12-21,41428.22336261952,Paid
CL0128,2025-01-20,41428.22336261952,Missing
CL0128,2025-02-19,41428.22336261952,Paid
CL0128,2025-03-21,41428.22336261952,Paid
CL0128,2025-04-20,41428.22336261952,Paid
CL0128,2025-05-20,41428.22336261952,Paid
CL0128,2025-06-19,41428.22336261952,Missing
CL0128,2025-07-19,41428.22336261952,Paid
CL0128,2025-08-18,41428.22336261952,Paid
CL0128,2025-09-17,41428.22336261952,Paid
CL0128,2025-10-17,41428.22336261952,Paid
CL0128,2025-11-16,41428.22336261952,Missing
CL0129,2023-01-01,34485.88912875598,Paid
CL0129,2023-01-31,34485.88912875598,Missing
CL0129,2023-03-02,34485.88912875598,Paid
CL0129,2023-04-01,34485.88912875598,Paid
CL0129,2023-05-01,34485.88912875598,Paid
CL0129,2023-05-31,34485.88912875598,Paid
CL0129,2023-06-30,34485.88912875598,Paid
CL0129,2023-07-30,34485.88912875598,Paid
CL0129,2023-08-29,34485.88912875598,Paid
CL0129,2023-09-28,34485.88912875598,Missing
CL0129,2023-10-28,34485.88912875598,Paid
CL0129,2023-11-27,34485.88912875598,Paid
CL0129,2023-12-27,34485.88912875598,Paid
CL0129,2024-01-26,34485.88912875598,Paid
CL0129,2024-02-25,34485.88912875598,Paid
CL0129,2024-03-26,34485.88912875598,Paid
CL0129,2024-04-25,34485.88912875598,Paid
CL0129,2024-05-25,34485.88912875598,Paid
CL0129,2024-06-24,34485.88912875598,Paid
CL0129,2024-07-24,34485.88912875598,Paid
CL0129,2024-08-23,34485.88912875598,Paid
CL0129,2024-09-22,34485.88912875598,Missing
CL0129,2024-10-22,34485.88912875598,Paid
CL0129,2024-11-21,34485.88912875598,Paid
CL0129,2024-12-21,34485.88912875598,Paid
CL0129,2025-01-20,34485.88912875598,Paid
CL0129,2025-02-19,34485.88912875598,Paid
CL0129,2025-03-21,34485.88912875598,Paid
CL0129,2025-04-20,34485.88912875598,Paid
CL0129,2025-05-20,34485.88912875598,Paid
CL0129,2025-06-19,34485.88912875598,Paid
CL0129,2025-07-19,34485.88912875598,Paid
CL0129,2025-08-18,34485.88912875598,Paid
CL0129,2025-09-17,34485.88912875598,Paid
CL0129,2025-10-17,34485.88912875598,Paid
CL0129,2025-11-16,34485.88912875598,Paid
CL0130,2023-01-01,29788.581677411268,Missing
CL0130,2023-01-31,29788.581677411268,Paid
CL0130,2023-03-02,29788.581677411268,Paid
CL0130,2023-04-01,29788.581677411268,Paid
CL0130,2023-05-01,29788.581677411268,Paid
CL0130,2023-05-31,29788.581677411268,Paid
CL0130,2023-06-30,29788.581677411268,Paid
CL0130,2023-07-30,29788.581677411268,Paid
CL0130,2023-08-29,29788.581677411268,Paid
CL0130,2023-09-28,29788.581677411268,Paid
CL0130,2023-10-28,29788.581677411268,Paid
CL0130,2023-11-27,29788.581677411268,Paid
CL0130,2023-12-27,29788.581677411268,Paid
CL0130,2024-01-26,29788.581677411268,Paid
CL0130,2024-02-25,29788.581677411268,Paid
CL0130,2024-03-26,29788.581677411268,Paid
CL0130,2024-04-25,29788.581677411268,Paid
CL0130,2024-05-25,29788.581677411268,Paid
CL0130,2024-06-24,29788.581677411268,Paid
CL0130,2024-07-24,29788.581677411268,Paid
CL0130,2024-08-23,29788.581677411268,Paid
CL0130,2024-09-22,29788.581677411268,Missing
CL0130,2024-10-22,29788.581677411268,Paid
CL0130,2024-11-21,29788.581677411268,Paid
CL0130,2024-12-21,29788.581677411268,Missing
CL0130,2025-01-20,29788.581677411268,Paid
CL0130,2025-02-19,29788.581677411268,Paid
CL0130,2025-03-21,29788.581677411268,Paid
CL0130,2025-04-20,29788.581677411268,Missing
CL0130,2025-05-20,29788.581677411268,Paid
CL0130,2025-06-19,29788.581677411268,Paid
CL0130,2025-07-19,29788.581677411268,Paid
CL0130,2025-08-18,29788.581677411268,Paid
CL0130,2025-09-17,29788.581677411268,Paid
CL0130,2025-10-17,29788.581677411268,Paid
CL0130,2025-11-16,29788.581677411268,Missing
CL0131,2023-01-01,8914.404196013456,Paid
CL0131,2023-01-31,8914.404196013456,Paid
CL0131,2023-03-02,8914.404196013456,Paid
CL0131,2023-04-01,8914.404196013456,Paid
CL0131,2023-05-01,8914.404196013456,Missing
CL0131,2023-05-31,8914.404196013456,Paid
CL0131,2023-06-30,8914.404196013456,Paid
CL0131,2023-07-30,8914.404196013456,Paid
CL0131,2023-08-29,8914.404196013456,Missing
CL0131,2023-09-28,8914.404196013456,Paid
CL0131,2023-10-28,8914.404196013456,Paid
CL0131,2023-11-27,8914.404196013456,Paid
CL0131,2023-12-27,8914.404196013456,Paid
CL0131,2024-01-26,8914.404196013456,Missing
CL0131,2024-02-25,8914.404196013456,Paid
CL0131,2024-03-26,8914.404196013456,Paid
CL0131,2024-04-25,8914.404196013456,Paid
CL0131,2024-05-25,8914.404196013456,Paid
CL0131,2024-06-24,8914.404196013456,Paid
CL0131,2024-07-24,8914.404196013456,Paid
CL0131,2024-08-23,8914.404196013456,Paid
CL0131,2024-09-22,8914.404196013456,Paid
CL0131,2024-10-22,8914.404196013456,Paid
CL0131,2024-11-21,8914.404196013456,Paid
CL0131,2024-12-21,8914.404196013456,Paid
CL0131,2025-01-20,8914.404196013456,Paid
CL0131,2025-02-19,8914.404196013456,Paid
CL0131,2025-03-21,8914.404196013456,Paid
CL0131,2025-04-20,8914.404196013456,Paid
CL0131,2025-05-20,8914.404196013456,Paid
CL0131,2025-06-19,8914.404196013456,Paid
CL0131,2025-07-19,8914.404196013456,Missing
CL0131,2025-08-18,8914.404196013456,Paid
CL0131,2025-09-17,8914.404196013456,Paid
CL0131,2025-10-17,8914.404196013456,Paid
CL0131,2025-11-16,8914.404196013456,Paid
CL0132,2023-01-01,23380.394588181443,Paid
CL0132,2023-01-31,23380.394588181443,Paid
CL0132,2023-03-02,23380.394588181443,Paid
CL0132,2023-04-01,23380.394588181443,Missing
CL0132,2023-05-01,23380.394588181443,Paid
CL0132,2023-05-31,23380.394588181443,Paid
CL0132,2023-06-30,23380.394588181443,Paid
CL0132,2023-07-30,23380.394588181443,Paid
CL0132,2023-08-29,23380.394588181443,Paid
CL0132,2023-09-28,23380.394588181443,Paid
CL0132,2023-10-28,23380.394588181443,Paid
CL0132,2023-11-27,23380.394588181443,Missing
CL0132,2023-12-27,23380.394588181443,Paid
CL0132,2024-01-26,23380.394588181443,Paid
CL0132,2024-02-25,23380.394588181443,Paid
CL0132,2024-03-26,23380.394588181443,Paid
CL0132,2024-04-25,23380.394588181443,Paid
CL0132,2024-05-25,23380.394588181443,Paid
CL0132,2024-06-24,23380.394588181443,Missing
CL0132,2024-07-24,23380.394588181443,Paid
CL0132,2024-08-23,23380.394588181443,Paid
CL0132,2024-09-22,23380.394588181443,Paid
CL0132,2024-10-22,23380.394588181443,Paid
CL0132,2024-11-21,23380.394588181443,Paid
CL0132,2024-12-21,23380.394588181443,Paid
CL0132,2025-01-20,23380.394588181443,Paid
CL0132,2025-02-19,23380.394588181443,Missing
CL0132,2025-03-21,23380.394588181443,Paid
CL0132,2025-04-20,23380.394588181443,Paid
CL0132,2025-05-20,23380.394588181443,Paid
CL0132,2025-06-19,23380.394588181443,Paid
CL0132,2025-07-19,23380.394588181443,Paid
CL0132,2025-08-18,23380.394588181443,Paid
CL0132,2025-09-17,23380.394588181443,Paid
CL0132,2025-10-17,23380.394588181443,Paid
CL0132,2025-11-16,23380.394588181443,Paid
CL0133,2023-01-01,21770.98326555413,Paid
CL0133,2023-01-31,21770.98326555413,Paid
CL0133,2023-03-02,21770.98326555413,Paid
CL0133,2023-04-01,21770.98326555413,Paid
CL0133,2023-05-01,21770.98326555413,Paid
CL0133,2023-05-31,21770.98326555413,Paid
CL0133,2023-06-30,21770.98326555413,Paid
CL0133,2023-07-30,21770.98326555413,Paid
CL0133,2023-08-29,21770.98326555413,Paid
CL0133,2023-09-28,21770.98326555413,Paid
CL0133,2023-10-28,21770.98326555413,Paid
CL0133,2023-11-27,21770.98326555413,Paid
CL0133,2023-12-27,21770.98326555413,Missing
CL0133,2024-01-26,21770.98326555413,Paid
CL0133,2024-02-25,21770.98326555413,Paid
CL0133,2024-03-26,21770.98326555413,Paid
CL0133,2024-04-25,21770.98326555413,Paid
CL0133,2024-05-25,21770.98326555413,Paid
CL0133,2024-06-24,21770.98326555413,Missing
CL0133,2024-07-24,21770.98326555413,Paid
CL0133,2024-08-23,21770.98326555413,Paid
CL0133,2024-09-22,21770.98326555413,Paid
CL0133,2024-10-22,21770.98326555413,Paid
CL0133,2024-11-21,21770.98326555413,Paid
CL0133,2024-12-21,21770.98326555413,Paid
CL0133,2025-01-20,21770.98326555413,Paid
CL0133,2025-02-19,21770.98326555413,Paid
CL0133,2025-03-21,21770.98326555413,Paid
CL0133,2025-04-20,21770.98326555413,Paid
CL0133,2025-05-20,21770.98326555413,Paid
CL0133,2025-06-19,21770.98326555413,Paid
CL0133,2025-07-19,21770.98326555413,Missing
CL0133,2025-08-18,21770.98326555413,Paid
CL0133,2025-09-17,21770.98326555413,Paid
CL0133,2025-10-17,21770.98326555413,Paid
CL0133,2025-11-16,21770.98326555413,Paid
CL0134,2023-01-01,16688.92026921468,Missing
CL0134,2023-01-31,16688.92026921468,Missing
CL0134,2023-03-02,16688.92026921468,Paid
CL0134,2023-04-01,16688.92026921468,Paid
CL0134,2023-05-01,16688.92026921468,Paid
CL0134,2023-05-31,16688.92026921468,Paid
CL0134,2023-06-30,16688.92026921468,Paid
CL0134,2023-07-30,16688.92026921468,Paid
CL0134,2023-08-29,16688.92026921468,Paid
CL0134,2023-09-28,16688.92026921468,Paid
CL0134,2023-10-28,16688.92026921468,Paid
CL0134,2023-11-27,16688.92026921468,Paid
CL0134,2023-12-27,16688.92026921468,Paid
CL0134,2024-01-26,16688.92026921468,Paid
CL0134,2024-02-25,16688.92026921468,Paid
CL0134,2024-03-26,16688.92026921468,Paid
CL0134,2024-04-25,16688.92026921468,Paid
CL0134,2024-05-25,16688.92026921468,Missing
CL0134,2024-06-24,16688.92026921468,Missing
CL0134,2024-07-24,16688.92026921468,Paid
CL0134,2024-08-23,16688.92026921468,Paid
CL0134,2024-09-22,16688.92026921468,Paid
CL0134,2024-10-22,16688.92026921468,Paid
CL0134,2024-11-21,16688.92026921468,Paid
CL0134,2024-12-21,16688.92026921468,Missing
CL0134,2025-01-20,16688.92026921468,Paid
CL0134,2025-02-19,16688.92026921468,Paid
CL0134,2025-03-21,16688.92026921468,Paid
CL0134,2025-04-20,16688.92026921468,Paid
CL0134,2025-05-20,16688.92026921468,Paid
CL0134,2025-06-19,16688.92026921468,Paid
CL0134,2025-07-19,16688.92026921468,Paid
CL0134,2025-08-18,16688.92026921468,Paid
CL0134,2025-09-17,16688.92026921468,Paid
CL0134,2025-10-17,16688.92026921468,Paid
CL0134,2025-11-16,16688.92026921468,Missing
CL0135,2023-01-01,37553.90511598632,Missing
CL0135,2023-01-31,37553.90511598632,Paid
CL0135,2023-03-02,37553.90511598632,Paid
CL0135,2023-04-01,37553.90511598632,Paid
CL0135,2023-05-01,37553.90511598632,Paid
CL0135,2023-05-31,37553.90511598632,Paid
CL0135,2023-06-30,37553.90511598632,Paid
CL0135,2023-07-30,37553.90511598632,Paid
CL0135,2023-08-29,37553.90511598632,Paid
CL0135,2023-09-28,37553.90511598632,Paid
CL0135,2023-10-28,37553.90511598632,Missing
CL0135,2023-11-27,37553.90511598632,Paid
CL0135,2023-12-27,37553.90511598632,Paid
CL0135,2024-01-26,37553.90511598632,Paid
CL0135,2024-02-25,37553.90511598632,Missing
CL0135,2024-03-26,37553.90511598632,Paid
CL0135,2024-04-25,37553.90511598632,Paid
CL0135,2024-05-25,37553.90511598632,Paid
CL0135,2024-06-24,37553.90511598632,Paid
CL0135,2024-07-24,37553.90511598632,Paid
CL0135,2024-08-23,37553.90511598632,Paid
CL0135,2024-09-22,37553.90511598632,Paid
CL0135,2024-10-22,37553.90511598632,Paid
CL0135,2024-11-21,37553.90511598632,Paid
CL0135,2024-12-21,37553.90511598632,Paid
CL0135,2025-01-20,37553.90511598632,Paid
CL0135,2025-02-19,37553.90511598632,Paid
CL0135,2025-03-21,37553.90511598632,Paid
CL0135,2025-04-20,37553.90511598632,Paid
CL0135,2025-05-20,37553.90511598632,Paid
CL0135,2025-06-19,37553.90511598632,Paid
CL0135,2025-07-19,37553.90511598632,Missing
CL0135,2025-08-18,37553.90511598632,Paid
CL0135,2025-09-17,37553.90511598632,Paid
CL0135,2025-10-17,37553.90511598632,Paid
CL0135,2025-11-16,37553.90511598632,Paid
CL0136,2023-01-01,27314.40807854469,Missing
CL0136,2023-01-31,27314.40807854469,Paid
CL0136,2023-03-02,27314.40807854469,Missing
CL0136,2023-04-01,27314.40807854469,Paid
CL0136,2023-05-01,27314.40807854469,Paid
CL0136,2023-05-31,27314.40807854469,Paid
CL0136,2023-06-30,27314.40807854469,Paid
CL0136,2023-07-30,27314.40807854469,Missing
CL0136,2023-08-29,27314.40807854469,Paid
CL0136,2023-09-28,27314.40807854469,Paid
CL0136,2023-10-28,27314.40807854469,Paid
CL0136,2023-11-27,27314.40807854469,Paid
CL0136,2023-12-27,27314.40807854469,Paid
CL0136,2024-01-26,27314.40807854469,Paid
CL0136,2024-02-25,27314.40807854469,Paid
CL0136,2024-03-26,27314.40807854469,Missing
CL0136,2024-04-25,27314.40807854469,Paid
CL0136,2024-05-25,27314.40807854469,Paid
CL0136,2024-06-24,27314.40807854469,Paid
CL0136,2024-07-24,27314.40807854469,Paid
CL0136,2024-08-23,27314.40807854469,Paid
CL0136,2024-09-22,27314.40807854469,Paid
CL0136,2024-10-22,27314.40807854469,Missing
CL0136,2024-11-21,27314.40807854469,Paid
CL0136,2024-12-21,27314.40807854469,Paid
CL0136,2025-01-20,27314.40807854469,Paid
CL0136,2025-02-19,27314.40807854469,Paid
CL0136,2025-03-21,27314.40807854469,Missing
CL0136,2025-04-20,27314.40807854469,Paid
CL0136,2025-05-20,27314.40807854469,Paid
CL0136,2025-06-19,27314.40807854469,Missing
CL0136,2025-07-19,27314.40807854469,Paid
CL0136,2025-08-18,27314.40807854469,Paid
CL0136,2025-09-17,27314.40807854469,Paid
CL0136,2025-10-17,27314.40807854469,Paid
CL0136,2025-11-16,27314.40807854469,Paid
CL0137,2023-01-01,8647.079715844156,Paid
CL0137,2023-01-31,8647.079715844156,Paid
CL0137,2023-03-02,8647.079715844156,Paid
CL0137,2023-04-01,8647.079715844156,Paid
CL0137,2023-05-01,8647.079715844156,Paid
CL0137,2023-05-31,8647.079715844156,Paid
CL0137,2023-06-30,8647.079715844156,Paid
CL0137,2023-07-30,8647.079715844156,Paid
CL0137,2023-08-29,8647.079715844156,Paid
CL0137,2023-09-28,8647.079715844156,Paid
CL0137,2023-10-28,8647.079715844156,Paid
CL0137,2023-11-27,8647.079715844156,Paid
CL0137,2023-12-27,8647.079715844156,Paid
CL0137,2024-01-26,8647.079715844156,Paid
CL0137,2024-02-25,8647.079715844156,Paid
CL0137,2024-03-26,8647.079715844156,Paid
CL0137,2024-04-25,8647.079715844156,Paid
CL0137,2024-05-25,8647.079715844156,Paid
CL0137,2024-06-24,8647.079715844156,Paid
CL0137,2024-07-24,8647.079715844156,Paid
CL0137,2024-08-23,8647.079715844156,Paid
CL0137,2024-09-22,8647.079715844156,Paid
CL0137,2024-10-22,8647.079715844156,Paid
CL0137,2024-11-21,8647.079715844156,Paid
CL0137,2024-12-21,8647.079715844156,Paid
CL0137,2025-01-20,8647.079715844156,Paid
CL0137,2025-02-19,8647.079715844156,Paid
CL0137,2025-03-21,8647.079715844156,Paid
CL0137,2025-04-20,8647.079715844156,Paid
CL0137,2025-05-20,8647.079715844156,Paid
CL0137,2025-06-19,8647.079715844156,Paid
CL0137,2025-07-19,8647.079715844156,Paid
CL0137,2025-08-18,8647.079715844156,Missing
CL0137,2025-09-17,8647.079715844156,Paid
CL0137,2025-10-17,8647.079715844156,Paid
CL0137,2025-11-16,8647.079715844156,Missing
CL0138,2023-01-01,14908.24408774151,Missing
CL0138,2023-01-31,14908.24408774151,Paid
CL0138,2023-03-02,14908.24408774151,Paid
CL0138,2023-04-01,14908.24408774151,Paid
CL0138,2023-05-01,14908.24408774151,Paid
CL0138,2023-05-31,14908.24408774151,Paid
CL0138,2023-06-30,14908.24408774151,Paid
CL0138,2023-07-30,14908.24408774151,Paid
CL0138,2023-08-29,14908.24408774151,Paid
CL0138,2023-09-28,14908.24408774151,Paid
CL0138,2023-10-28,14908.24408774151,Paid
CL0138,2023-11-27,14908.24408774151,Missing
CL0138,2023-12-27,14908.24408774151,Paid
CL0138,2024-01-26,14908.24408774151,Missing
CL0138,2024-02-25,14908.24408774151,Paid
CL0138,2024-03-26,14908.24408774151,Paid
CL0138,2024-04-25,14908.24408774151,Paid
CL0138,2024-05-25,14908.24408774151,Paid
CL0138,2024-06-24,14908.24408774151,Paid
CL0138,2024-07-24,14908.24408774151,Paid
CL0138,2024-08-23,14908.24408774151,Paid
CL0138,2024-09-22,14908.24408774151,Missing
CL0138,2024-10-22,14908.24408774151,Paid
CL0138,2024-11-21,14908.24408774151,Paid
CL0138,2024-12-21,14908.24408774151,Paid
CL0138,2025-01-20,14908.24408774151,Paid
CL0138,2025-02-19,14908.24408774151,Paid
CL0138,2025-03-21,14908.24408774151,Paid
CL0138,2025-04-20,14908.24408774151,Paid
CL0138,2025-05-20,14908.24408774151,Paid
CL0138,2025-06-19,14908.24408774151,Paid
CL0138,2025-07-19,14908.24408774151,Paid
CL0138,2025-08-18,14908.24408774151,Paid
CL0138,2025-09-17,14908.24408774151,Paid
CL0138,2025-10-17,14908.24408774151,Paid
CL0138,2025-11-16,14908.24408774151,Paid
CL0139,2023-01-01,35746.644364681815,Paid
CL0139,2023-01-31,35746.644364681815,Paid
CL0139,2023-03-02,35746.644364681815,Paid
CL0139,2023-04-01,35746.644364681815,Missing
CL0139,2023-05-01,35746.644364681815,Missing
CL0139,2023-05-31,35746.644364681815,Paid
CL0139,2023-06-30,35746.644364681815,Paid
CL0139,2023-07-30,35746.644364681815,Paid
CL0139,2023-08-29,35746.644364681815,Paid
CL0139,2023-09-28,35746.644364681815,Missing
CL0139,2023-10-28,35746.644364681815,Paid
CL0139,2023-11-27,35746.644364681815,Paid
CL0139,2023-12-27,35746.644364681815,Paid
CL0139,2024-01-26,35746.644364681815,Paid
CL0139,2024-02-25,35746.644364681815,Paid
CL0139,2024-03-26,35746.644364681815,Missing
CL0139,2024-04-25,35746.644364681815,Paid
CL0139,2024-05-25,35746.644364681815,Paid
CL0139,2024-06-24,35746.644364681815,Paid
CL0139,2024-07-24,35746.644364681815,Paid
CL0139,2024-08-23,35746.644364681815,Paid
CL0139,2024-09-22,35746.644364681815,Paid
CL0139,2024-10-22,35746.644364681815,Paid
CL0139,2024-11-21,35746.644364681815,Paid
CL0139,2024-12-21,35746.644364681815,Paid
CL0139,2025-01-20,35746.644364681815,Paid
CL0139,2025-02-19,35746.644364681815,Paid
CL0139,2025-03-21,35746.644364681815,Paid
CL0139,2025-04-20,35746.644364681815,Paid
CL0139,2025-05-20,35746.644364681815,Missing
CL0139,2025-06-19,35746.644364681815,Missing
CL0139,2025-07-19,35746.644364681815,Paid
CL0139,2025-08-18,35746.644364681815,Paid
CL0139,2025-09-17,35746.644364681815,Paid
CL0139,2025-10-17,35746.644364681815,Paid
CL0139,2025-11-16,35746.644364681815,Missing
CL0140,2023-01-01,8425.888677063507,Paid
CL0140,2023-01-31,8425.888677063507,Paid
CL0140,2023-03-02,8425.888677063507,Paid
CL0140,2023-04-01,8425.888677063507,Missing
CL0140,2023-05-01,8425.888677063507,Paid
CL0140,2023-05-31,8425.888677063507,Paid
CL0140,2023-06-30,8425.888677063507,Paid
CL0140,2023-07-30,8425.888677063507,Paid
CL0140,2023-08-29,8425.888677063507,Paid
CL0140,2023-09-28,8425.888677063507,Paid
CL0140,2023-10-28,8425.888677063507,Paid
CL0140,2023-11-27,8425.888677063507,Missing
CL0140,2023-12-27,8425.888677063507,Paid
CL0140,2024-01-26,8425.888677063507,Paid
CL0140,2024-02-25,8425.888677063507,Paid
CL0140,2024-03-26,8425.888677063507,Missing
CL0140,2024-04-25,8425.888677063507,Paid
CL0140,2024-05-25,8425.888677063507,Paid
CL0140,2024-06-24,8425.888677063507,Paid
CL0140,2024-07-24,8425.888677063507,Paid
CL0140,2024-08-23,8425.888677063507,Paid
CL0140,2024-09-22,8425.888677063507,Missing
CL0140,2024-10-22,8425.888677063507,Paid
CL0140,2024-11-21,8425.888677063507,Missing
CL0140,2024-12-21,8425.888677063507,Paid
CL0140,2025-01-20,8425.888677063507,Paid
CL0140,2025-02-19,8425.888677063507,Paid
CL0140,2025-03-21,8425.888677063507,Paid
CL0140,2025-04-20,8425.888677063507,Missing
CL0140,2025-05-20,8425.888677063507,Paid
CL0140,2025-06-19,8425.888677063507,Paid
CL0140,2025-07-19,8425.888677063507,Paid
CL0140,2025-08-18,8425.888677063507,Paid
CL0140,2025-09-17,8425.888677063507,Paid
CL0140,2025-10-17,8425.888677063507,Paid
CL0140,2025-11-16,8425.888677063507,Paid
CL0141,2023-01-01,43304.31113219459,Paid
CL0141,2023-01-31,43304.31113219459,Paid
CL0141,2023-03-02,43304.31113219459,Paid
CL0141,2023-04-01,43304.31113219459,Paid
CL0141,2023-05-01,43304.31113219459,Paid
CL0141,2023-05-31,43304.31113219459,Paid
CL0141,2023-06-30,43304.31113219459,Paid
CL0141,2023-07-30,43304.31113219459,Paid
CL0141,2023-08-29,43304.31113219459,Paid
CL0141,2023-09-28,43304.31113219459,Paid
CL0141,2023-10-28,43304.31113219459,Paid
CL0141,2023-11-27,43304.31113219459,Paid
CL0141,2023-12-27,43304.31113219459,Paid
CL0141,2024-01-26,43304.31113219459,Paid
CL0141,2024-02-25,43304.31113219459,Missing
CL0141,2024-03-26,43304.31113219459,Paid
CL0141,2024-04-25,43304.31113219459,Paid
CL0141,2024-05-25,43304.31113219459,Paid
CL0141,2024-06-24,43304.31113219459,Paid
CL0141,2024-07-24,43304.31113219459,Paid
CL0141,2024-08-23,43304.31113219459,Paid
CL0141,2024-09-22,43304.31113219459,Missing
CL0141,2024-10-22,43304.31113219459,Paid
CL0141,2024-11-21,43304.31113219459,Paid
CL0141,2024-12-21,43304.31113219459,Paid
CL0141,2025-01-20,43304.31113219459,Paid
CL0141,2025-02-19,43304.31113219459,Paid
CL0141,2025-03-21,43304.31113219459,Paid
CL0141,2025-04-20,43304.31113219459,Missing
CL0141,2025-05-20,43304.31113219459,Paid
CL0141,2025-06-19,43304.31113219459,Paid
CL0141,2025-07-19,43304.31113219459,Paid
CL0141,2025-08-18,43304.31113219459,Paid
CL0141,2025-09-17,43304.31113219459,Paid
CL0141,2025-10-17,43304.31113219459,Missing
CL0141,2025-11-16,43304.31113219459,Paid
CL0142,2023-01-01,27281.59371562885,Missing
CL0142,2023-01-31,27281.59371562885,Paid
CL0142,2023-03-02,27281.59371562885,Paid
CL0142,2023-04-01,27281.59371562885,Paid
CL0142,2023-05-01,27281.59371562885,Paid
CL0142,2023-05-31,27281.59371562885,Missing
CL0142,2023-06-30,27281.59371562885,Paid
CL0142,2023-07-30,27281.59371562885,Paid
CL0142,2023-08-29,27281.59371562885,Paid
CL0142,2023-09-28,27281.59371562885,Paid
CL0142,2023-10-28,27281.59371562885,Paid
CL0142,2023-11-27,27281.59371562885,Paid
CL0142,2023-12-27,27281.59371562885,Missing
CL0142,2024-01-26,27281.59371562885,Paid
CL0142,2024-02-25,27281.59371562885,Paid
CL0142,2024-03-26,27281.59371562885,Paid
CL0142,2024-04-25,27281.59371562885,Paid
CL0142,2024-05-25,27281.59371562885,Missing
CL0142,2024-06-24,27281.59371562885,Paid
CL0142,2024-07-24,27281.59371562885,Paid
CL0142,2024-08-23,27281.59371562885,Paid
CL0142,2024-09-22,27281.59371562885,Missing
CL0142,2024-10-22,27281.59371562885,Missing
CL0142,2024-11-21,27281.59371562885,Paid
CL0142,2024-12-21,27281.59371562885,Paid
CL0142,2025-01-20,27281.59371562885,Paid
CL0142,2025-02-19,27281.59371562885,Missing
CL0142,2025-03-21,27281.59371562885,Paid
CL0142,2025-04-20,27281.59371562885,Missing
CL0142,2025-05-20,27281.59371562885,Missing
CL0142,2025-06-19,27281.59371562885,Paid
CL0142,2025-07-19,27281.59371562885,Paid
CL0142,2025-08-18,27281.59371562885,Paid
CL0142,2025-09-17,27281.59371562885,Paid
CL0142,2025-10-17,27281.59371562885,Paid
CL0142,2025-11-16,27281.59371562885,Paid
CL0143,2023-01-01,26626.39597969916,Paid
CL0143,2023-01-31,26626.39597969916,Paid
CL0143,2023-03-02,26626.39597969916,Paid
CL0143,2023-04-01,26626.39597969916,Paid
CL0143,2023-05-01,26626.39597969916,Paid
CL0143,2023-05-31,26626.39597969916,Paid
CL0143,2023-06-30,26626.39597969916,Paid
CL0143,2023-07-30,26626.39597969916,Paid
CL0143,2023-08-29,26626.39597969916,Paid
CL0143,2023-09-28,26626.39597969916,Paid
CL0143,2023-10-28,26626.39597969916,Missing
CL0143,2023-11-27,26626.39597969916,Paid
CL0143,2023-12-27,26626.39597969916,Paid
CL0143,2024-01-26,26626.39597969916,Paid
CL0143,2024-02-25,26626.39597969916,Paid
CL0143,2024-03-26,26626.39597969916,Paid
CL0143,2024-04-25,26626.39597969916,Paid
CL0143,2024-05-25,26626.39597969916,Paid
CL0143,2024-06-24,26626.39597969916,Paid
CL0143,2024-07-24,26626.39597969916,Paid
CL0143,2024-08-23,26626.39597969916,Paid
CL0143,2024-09-22,26626.39597969916,Paid
CL0143,2024-10-22,26626.39597969916,Paid
CL0143,2024-11-21,26626.39597969916,Missing
CL0143,2024-12-21,26626.39597969916,Paid
CL0143,2025-01-20,26626.39597969916,Paid
CL0143,2025-02-19,26626.39597969916,Paid
CL0143,2025-03-21,26626.39597969916,Paid
CL0143,2025-04-20,26626.39597969916,Paid
CL0143,2025-05-20,26626.39597969916,Missing
CL0143,2025-06-19,26626.39597969916,Missing
CL0143,2025-07-19,26626.39597969916,Paid
CL0143,2025-08-18,26626.39597969916,Paid
CL0143,2025-09-17,26626.39597969916,Paid
CL0143,2025-10-17,26626.39597969916,Paid
CL0143,2025-11-16,26626.39597969916,Paid
CL0144,2023-01-01,31658.35030967829,Paid
CL0144,2023-01-31,31658.35030967829,Paid
CL0144,2023-03-02,31658.35030967829,Paid
CL0144,2023-04-01,31658.35030967829,Paid
CL0144,2023-05-01,31658.35030967829,Paid
CL0144,2023-05-31,31658.35030967829,Missing
CL0144,2023-06-30,31658.35030967829,Paid
CL0144,2023-07-30,31658.35030967829,Missing
CL0144,2023-08-29,31658.35030967829,Paid
CL0144,2023-09-28,31658.35030967829,Paid
CL0144,2023-10-28,31658.35030967829,Paid
CL0144,2023-11-27,31658.35030967829,Paid
CL0144,2023-12-27,31658.35030967829,Paid
CL0144,2024-01-26,31658.35030967829,Paid
CL0144,2024-02-25,31658.35030967829,Missing
CL0144,2024-03-26,31658.35030967829,Paid
CL0144,2024-04-25,31658.35030967829,Missing
CL0144,2024-05-25,31658.35030967829,Paid
CL0144,2024-06-24,31658.35030967829,Paid
CL0144,2024-07-24,31658.35030967829,Paid
CL0144,2024-08-23,31658.35030967829,Paid
CL0144,2024-09-22,31658.35030967829,Paid
CL0144,2024-10-22,31658.35030967829,Paid
CL0144,2024-11-21,31658.35030967829,Paid
CL0144,2024-12-21,31658.35030967829,Missing
CL0144,2025-01-20,31658.35030967829,Missing
CL0144,2025-02-19,31658.35030967829,Paid
CL0144,2025-03-21,31658.35030967829,Paid
CL0144,2025-04-20,31658.35030967829,Paid
CL0144,2025-05-20,31658.35030967829,Missing
CL0144,2025-06-19,31658.35030967829,Paid
CL0144,2025-07-19,31658.35030967829,Paid
CL0144,2025-08-18,31658.35030967829,Paid
CL0144,2025-09-17,31658.35030967829,Paid
CL0144,2025-10-17,31658.35030967829,Paid
CL0144,2025-11-16,31658.35030967829,Paid
CL0145,2023-01-01,42110.64346663172,Paid
CL0145,2023-01-31,42110.64346663172,Paid
CL0145,2023-03-02,42110.64346663172,Paid
CL0145,2023-04-01,42110.64346663172,Paid
CL0145,2023-05-01,42110.64346663172,Paid
CL0145,2023-05-31,42110.64346663172,Paid
CL0145,2023-06-30,42110.64346663172,Paid
CL0145,2023-07-30,42110.64346663172,Paid
CL0145,2023-08-29,42110.64346663172,Paid
CL0145,2023-09-28,42110.64346663172,Paid
CL0145,2023-10-28,42110.64346663172,Paid
CL0145,2023-11-27,42110.64346663172,Paid
CL0145,2023-12-27,42110.64346663172,Paid
CL0145,2024-01-26,42110.64346663172,Missing
CL0145,2024-02-25,42110.64346663172,Paid
CL0145,2024-03-26,42110.64346663172,Paid
CL0145,2024-04-25,42110.64346663172,Paid
CL0145,2024-05-25,42110.64346663172,Paid
CL0145,2024-06-24,42110.64346663172,Paid
CL0145,2024-07-24,42110.64346663172,Paid
CL0145,2024-08-23,42110.64346663172,Paid
CL0145,2024-09-22,42110.64346663172,Paid
CL0145,2024-10-22,42110.64346663172,Missing
CL0145,2024-11-21,42110.64346663172,Missing
CL0145,2024-12-21,42110.64346663172,Paid
CL0145,2025-01-20,42110.64346663172,Paid
CL0145,2025-02-19,42110.64346663172,Paid
CL0145,2025-03-21,42110.64346663172,Missing
CL0145,2025-04-20,42110.64346663172,Paid
CL0145,2025-05-20,42110.64346663172,Paid
CL0145,2025-06-19,42110.64346663172,Paid
CL0145,2025-07-19,42110.64346663172,Paid
CL0145,2025-08-18,42110.64346663172,Missing
CL0145,2025-09-17,42110.64346663172,Paid
CL0145,2025-10-17,42110.64346663172,Paid
CL0145,2025-11-16,42110.64346663172,Paid
CL0146,2023-01-01,20651.41435559869,Paid
CL0146,2023-01-31,20651.41435559869,Paid
CL0146,2023-03-02,20651.41435559869,Paid
CL0146,2023-04-01,20651.41435559869,Paid
CL0146,2023-05-01,20651.41435559869,Paid
CL0146,2023-05-31,20651.41435559869,Paid
CL0146,2023-06-30,20651.41435559869,Paid
CL0146,2023-07-30,20651.41435559869,Paid
CL0146,2023-08-29,20651.41435559869,Paid
CL0146,2023-09-28,20651.41435559869,Paid
CL0146,2023-10-28,20651.41435559869,Paid
CL0146,2023-11-27,20651.41435559869,Paid
CL0146,2023-12-27,20651.41435559869,Paid
CL0146,2024-01-26,20651.41435559869,Paid
CL0146,2024-02-25,20651.41435559869,Paid
CL0146,2024-03-26,20651.41435559869,Paid
CL0146,2024-04-25,20651.41435559869,Paid
CL0146,2024-05-25,20651.41435559869,Paid
CL0146,2024-06-24,20651.41435559869,Paid
CL0146,2024-07-24,20651.41435559869,Paid
CL0146,2024-08-23,20651.41435559869,Paid
CL0146,2024-09-22,20651.41435559869,Paid
CL0146,2024-10-22,20651.41435559869,Paid
CL0146,2024-11-21,20651.41435559869,Paid
CL0146,2024-12-21,20651.41435559869,Missing
CL0146,2025-01-20,20651.41435559869,Paid
CL0146,2025-02-19,20651.41435559869,Missing
CL0146,2025-03-21,20651.41435559869,Paid
CL0146,2025-04-20,20651.41435559869,Paid
CL0146,2025-05-20,20651.41435559869,Paid
CL0146,2025-06-19,20651.41435559869,Paid
CL0146,2025-07-19,20651.41435559869,Paid
CL0146,2025-08-18,20651.41435559869,Missing
CL0146,2025-09-17,20651.41435559869,Paid
CL0146,2025-10-17,20651.41435559869,Paid
CL0146,2025-11-16,20651.41435559869,Paid
CL0147,2023-01-01,35510.72686515786,Paid
CL0147,2023-01-31,35510.72686515786,Paid
CL0147,2023-03-02,35510.72686515786,Missing
CL0147,2023-04-01,35510.72686515786,Paid
CL0147,2023-05-01,35510.72686515786,Missing
CL0147,2023-05-31,35510.72686515786,Paid
CL0147,2023-06-30,35510.72686515786,Paid
CL0147,2023-07-30,35510.72686515786,Paid
CL0147,2023-08-29,35510.72686515786,Paid
CL0147,2023-09-28,35510.72686515786,Paid
CL0147,2023-10-28,35510.72686515786,Paid
CL0147,2023-11-27,35510.72686515786,Paid
CL0147,2023-12-27,35510.72686515786,Paid
CL0147,2024-01-26,35510.72686515786,Paid
CL0147,2024-02-25,35510.72686515786,Paid
CL0147,2024-03-26,35510.72686515786,Paid
CL0147,2024-04-25,35510.72686515786,Paid
CL0147,2024-05-25,35510.72686515786,Paid
CL0147,2024-06-24,35510.72686515786,Paid
CL0147,2024-07-24,35510.72686515786,Paid
CL0147,2024-08-23,35510.72686515786,Paid
CL0147,2024-09-22,35510.72686515786,Paid
CL0147,2024-10-22,35510.72686515786,Paid
CL0147,2024-11-21,35510.72686515786,Paid
CL0147,2024-12-21,35510.72686515786,Paid
CL0147,2025-01-20,35510.72686515786,Paid
CL0147,2025-02-19,35510.72686515786,Paid
CL0147,2025-03-21,35510.72686515786,Paid
CL0147,2025-04-20,35510.72686515786,Paid
CL0147,2025-05-20,35510.72686515786,Paid
CL0147,2025-06-19,35510.72686515786,Paid
CL0147,2025-07-19,35510.72686515786,Missing
CL0147,2025-08-18,35510.72686515786,Paid
CL0147,2025-09-17,35510.72686515786,Paid
CL0147,2025-10-17,35510.72686515786,Paid
CL0147,2025-11-16,35510.72686515786,Paid
CL0148,2023-01-01,30457.9383798106,Missing
CL0148,2023-01-31,30457.9383798106,Paid
CL0148,2023-03-02,30457.9383798106,Paid
CL0148,2023-04-01,30457.9383798106,Missing
CL0148,2023-05-01,30457.9383798106,Paid
CL0148,2023-05-31,30457.9383798106,Paid
CL0148,2023-06-30,30457.9383798106,Paid
CL0148,2023-07-30,30457.9383798106,Paid
CL0148,2023-08-29,30457.9383798106,Paid
CL0148,2023-09-28,30457.9383798106,Paid
CL0148,2023-10-28,30457.9383798106,Missing
CL0148,2023-11-27,30457.9383798106,Paid
CL0148,2023-12-27,30457.9383798106,Paid
CL0148,2024-01-26,30457.9383798106,Paid
CL0148,2024-02-25,30457.9383798106,Paid
CL0148,2024-03-26,30457.9383798106,Paid
CL0148,2024-04-25,30457.9383798106,Paid
CL0148,2024-05-25,30457.9383798106,Paid
CL0148,2024-06-24,30457.9383798106,Paid
CL0148,2024-07-24,30457.9383798106,Paid
CL0148,2024-08-23,30457.9383798106,Paid
CL0148,2024-09-22,30457.9383798106,Paid
CL0148,2024-10-22,30457.9383798106,Paid
CL0148,2024-11-21,30457.9383798106,Paid
CL0148,2024-12-21,30457.9383798106,Paid
CL0148,2025-01-20,30457.9383798106,Paid
CL0148,2025-02-19,30457.9383798106,Paid
CL0148,2025-03-21,30457.9383798106,Paid
CL0148,2025-04-20,30457.9383798106,Paid
CL0148,2025-05-20,30457.9383798106,Paid
CL0148,2025-06-19,30457.9383798106,Paid
CL0148,2025-07-19,30457.9383798106,Paid
CL0148,2025-08-18,30457.9383798106,Paid
CL0148,2025-09-17,30457.9383798106,Paid
CL0148,2025-10-17,30457.9383798106,Missing
CL0148,2025-11-16,30457.9383798106,Paid
CL0149,2023-01-01,17016.27215762396,Missing
CL0149,2023-01-31,17016.27215762396,Paid
CL0149,2023-03-02,17016.27215762396,Paid
CL0149,2023-04-01,17016.27215762396,Paid
CL0149,2023-05-01,17016.27215762396,Paid
CL0149,2023-05-31,17016.27215762396,Paid
CL0149,2023-06-30,17016.27215762396,Paid
CL0149,2023-07-30,17016.27215762396,Missing
CL0149,2023-08-29,17016.27215762396,Paid
CL0149,2023-09-28,17016.27215762396,Paid
CL0149,2023-10-28,17016.27215762396,Missing
CL0149,2023-11-27,17016.27215762396,Paid
CL0149,2023-12-27,17016.27215762396,Missing
CL0149,2024-01-26,17016.27215762396,Paid
CL0149,2024-02-25,17016.27215762396,Paid
CL0149,2024-03-26,17016.27215762396,Paid
CL0149,2024-04-25,17016.27215762396,Paid
CL0149,2024-05-25,17016.27215762396,Paid
CL0149,2024-06-24,17016.27215762396,Paid
CL0149,2024-07-24,17016.27215762396,Paid
CL0149,2024-08-23,17016.27215762396,Paid
CL0149,2024-09-22,17016.27215762396,Paid
CL0149,2024-10-22,17016.27215762396,Paid
CL0149,2024-11-21,17016.27215762396,Paid
CL0149,2024-12-21,17016.27215762396,Paid
CL0149,2025-01-20,17016.27215762396,Paid
CL0149,2025-02-19,17016.27215762396,Paid
CL0149,2025-03-21,17016.27215762396,Paid
CL0149,2025-04-20,17016.27215762396,Paid
CL0149,2025-05-20,17016.27215762396,Paid
CL0149,2025-06-19,17016.27215762396,Missing
CL0149,2025-07-19,17016.27215762396,Paid
CL0149,2025-08-18,17016.27215762396,Paid
CL0149,2025-09-17,17016.27215762396,Paid
CL0149,2025-10-17,17016.27215762396,Paid
CL0149,2025-11-16,17016.27215762396,Paid
CL0150,2023-01-01,44538.34938598211,Paid
CL0150,2023-01-31,44538.34938598211,Paid
CL0150,2023-03-02,44538.34938598211,Paid
CL0150,2023-04-01,44538.34938598211,Paid
CL0150,2023-05-01,44538.34938598211,Paid
CL0150,2023-05-31,44538.34938598211,Paid
CL0150,2023-06-30,44538.34938598211,Paid
CL0150,2023-07-30,44538.34938598211,Paid
CL0150,2023-08-29,44538.34938598211,Paid
CL0150,2023-09-28,44538.34938598211,Paid
CL0150,2023-10-28,44538.34938598211,Paid
CL0150,2023-11-27,44538.34938598211,Paid
CL0150,2023-12-27,44538.34938598211,Missing
CL0150,2024-01-26,44538.34938598211,Paid
CL0150,2024-02-25,44538.34938598211,Paid
CL0150,2024-03-26,44538.34938598211,Paid
CL0150,2024-04-25,44538.34938598211,Paid
CL0150,2024-05-25,44538.34938598211,Missing
CL0150,2024-06-24,44538.34938598211,Paid
CL0150,2024-07-24,44538.34938598211,Paid
CL0150,2024-08-23,44538.34938598211,Paid
CL0150,2024-09-22,44538.34938598211,Paid
CL0150,2024-10-22,44538.34938598211,Paid
CL0150,2024-11-21,44538.34938598211,Paid
CL0150,2024-12-21,44538.34938598211,Paid
CL0150,2025-01-20,44538.34938598211,Missing
CL0150,2025-02-19,44538.34938598211,Paid
CL0150,2025-03-21,44538.34938598211,Paid
CL0150,2025-04-20,44538.34938598211,Paid
CL0150,2025-05-20,44538.34938598211,Paid
CL0150,2025-06-19,44538.34938598211,Paid
CL0150,2025-07-19,44538.34938598211,Paid
CL0150,2025-08-18,44538.34938598211,Missing
CL0150,2025-09-17,44538.34938598211,Paid
CL0150,2025-10-17,44538.34938598211,Paid
CL0150,2025-11-16,44538.34938598211,Paid
CL0151,2023-01-01,40884.17097231177,Paid
CL0151,2023-01-31,40884.17097231177,Paid
CL0151,2023-03-02,40884.17097231177,Paid
CL0151,2023-04-01,40884.17097231177,Paid
CL0151,2023-05-01,40884.17097231177,Paid
CL0151,2023-05-31,40884.17097231177,Paid
CL0151,2023-06-30,40884.17097231177,Paid
CL0151,2023-07-30,40884.17097231177,Paid
CL0151,2023-08-29,40884.17097231177,Paid
CL0151,2023-09-28,40884.17097231177,Paid
CL0151,2023-10-28,40884.17097231177,Paid
CL0151,2023-11-27,40884.17097231177,Paid
CL0151,2023-12-27,40884.17097231177,Paid
CL0151,2024-01-26,40884.17097231177,Paid
CL0151,2024-02-25,40884.17097231177,Paid
CL0151,2024-03-26,40884.17097231177,Missing
CL0151,2024-04-25,40884.17097231177,Paid
CL0151,2024-05-25,40884.17097231177,Paid
CL0151,2024-06-24,40884.17097231177,Missing
CL0151,2024-07-24,40884.17097231177,Paid
CL0151,2024-08-23,40884.17097231177,Paid
CL0151,2024-09-22,40884.17097231177,Paid
CL0151,2024-10-22,40884.17097231177,Paid
CL0151,2024-11-21,40884.17097231177,Paid
CL0151,2024-12-21,40884.17097231177,Paid
CL0151,2025-01-20,40884.17097231177,Paid
CL0151,2025-02-19,40884.17097231177,Paid
CL0151,2025-03-21,40884.17097231177,Paid
CL0151,2025-04-20,40884.17097231177,Missing
CL0151,2025-05-20,40884.17097231177,Paid
CL0151,2025-06-19,40884.17097231177,Paid
CL0151,2025-07-19,40884.17097231177,Paid
CL0151,2025-08-18,40884.17097231177,Paid
CL0151,2025-09-17,40884.17097231177,Paid
CL0151,2025-10-17,40884.17097231177,Paid
CL0151,2025-11-16,40884.17097231177,Paid
CL0152,2023-01-01,34630.33255962915,Paid
CL0152,2023-01-31,34630.33255962915,Paid
CL0152,2023-03-02,34630.33255962915,Missing
CL0152,2023-04-01,34630.33255962915,Paid
CL0152,2023-05-01,34630.33255962915,Paid
CL0152,2023-05-31,34630.33255962915,Paid
CL0152,2023-06-30,34630.33255962915,Paid
CL0152,2023-07-30,34630.33255962915,Paid
CL0152,2023-08-29,34630.33255962915,Paid
CL0152,2023-09-28,34630.33255962915,Missing
CL0152,2023-10-28,34630.33255962915,Paid
CL0152,2023-11-27,34630.33255962915,Paid
CL0152,2023-12-27,34630.33255962915,Paid
CL0152,2024-01-26,34630.33255962915,Paid
CL0152,2024-02-25,34630.33255962915,Paid
CL0152,2024-03-26,34630.33255962915,Paid
CL0152,2024-04-25,34630.33255962915,Paid
CL0152,2024-05-25,34630.33255962915,Paid
CL0152,2024-06-24,34630.33255962915,Paid
CL0152,2024-07-24,34630.33255962915,Paid
CL0152,2024-08-23,34630.33255962915,Paid
CL0152,2024-09-22,34630.33255962915,Paid
CL0152,2024-10-22,34630.33255962915,Paid
CL0152,2024-11-21,34630.33255962915,Missing
CL0152,2024-12-21,34630.33255962915,Paid
CL0152,2025-01-20,34630.33255962915,Paid
CL0152,2025-02-19,34630.33255962915,Paid
CL0152,2025-03-21,34630.33255962915,Paid
CL0152,2025-04-20,34630.33255962915,Paid
CL0152,2025-05-20,34630.33255962915,Paid
CL0152,2025-06-19,34630.33255962915,Paid
CL0152,2025-07-19,34630.33255962915,Paid
CL0152,2025-08-18,34630.33255962915,Paid
CL0152,2025-09-17,34630.33255962915,Paid
CL0152,2025-10-17,34630.33255962915,Paid
CL0152,2025-11-16,34630.33255962915,Missing
CL0153,2023-01-01,43276.177809240886,Missing
CL0153,2023-01-31,43276.177809240886,Missing
CL0153,2023-03-02,43276.177809240886,Paid
CL0153,2023-04-01,43276.177809240886,Missing
CL0153,2023-05-01,43276.177809240886,Paid
CL0153,2023-05-31,43276.177809240886,Paid
CL0153,2023-06-30,43276.177809240886,Paid
CL0153,2023-07-30,43276.177809240886,Paid
CL0153,2023-08-29,43276.177809240886,Paid
CL0153,2023-09-28,43276.177809240886,Paid
CL0153,2023-10-28,43276.177809240886,Paid
CL0153,2023-11-27,43276.177809240886,Paid
CL0153,2023-12-27,43276.177809240886,Paid
CL0153,2024-01-26,43276.177809240886,Paid
CL0153,2024-02-25,43276.177809240886,Paid
CL0153,2024-03-26,43276.177809240886,Paid
CL0153,2024-04-25,43276.177809240886,Paid
CL0153,2024-05-25,43276.177809240886,Paid
CL0153,2024-06-24,43276.177809240886,Paid
CL0153,2024-07-24,43276.177809240886,Paid
CL0153,2024-08-23,43276.177809240886,Missing
CL0153,2024-09-22,43276.177809240886,Paid
CL0153,2024-10-22,43276.177809240886,Paid
CL0153,2024-11-21,43276.177809240886,Paid
CL0153,2024-12-21,43276.177809240886,Paid
CL0153,2025-01-20,43276.177809240886,Paid
CL0153,2025-02-19,43276.177809240886,Paid
CL0153,2025-03-21,43276.177809240886,Paid
CL0153,2025-04-20,43276.177809240886,Missing
CL0153,2025-05-20,43276.177809240886,Paid
CL0153,2025-06-19,43276.177809240886,Paid
CL0153,2025-07-19,43276.177809240886,Paid
CL0153,2025-08-18,43276.177809240886,Paid
CL0153,2025-09-17,43276.177809240886,Missing
CL0153,2025-10-17,43276.177809240886,Paid
CL0153,2025-11-16,43276.177809240886,Paid
CL0154,2023-01-01,44028.239043191104,Paid
CL0154,2023-01-31,44028.239043191104,Paid
CL0154,2023-03-02,44028.239043191104,Paid
CL0154,2023-04-01,44028.239043191104,Paid
CL0154,2023-05-01,44028.239043191104,Paid
CL0154,2023-05-31,44028.239043191104,Paid
CL0154,2023-06-30,44028.239043191104,Paid
CL0154,2023-07-30,44028.239043191104,Missing
CL0154,2023-08-29,44028.239043191104,Paid
CL0154,2023-09-28,44028.239043191104,Paid
CL0154,2023-10-28,44028.239043191104,Paid
CL0154,2023-11-27,44028.239043191104,Paid
CL0154,2023-12-27,44028.239043191104,Paid
CL0154,2024-01-26,44028.239043191104,Paid
CL0154,2024-02-25,44028.239043191104,Paid
CL0154,2024-03-26,44028.239043191104,Paid
CL0154,2024-04-25,44028.239043191104,Paid
CL0154,2024-05-25,44028.239043191104,Paid
CL0154,2024-06-24,44028.239043191104,Paid
CL0154,2024-07-24,44028.239043191104,Missing
CL0154,2024-08-23,44028.239043191104,Paid
CL0154,2024-09-22,44028.239043191104,Paid
CL0154,2024-10-22,44028.239043191104,Paid
CL0154,2024-11-21,44028.239043191104,Paid
CL0154,2024-12-21,44028.239043191104,Paid
CL0154,2025-01-20,44028.239043191104,Paid
CL0154,2025-02-19,44028.239043191104,Paid
CL0154,2025-03-21,44028.239043191104,Missing
CL0154,2025-04-20,44028.239043191104,Paid
CL0154,2025-05-20,44028.239043191104,Paid
CL0154,2025-06-19,44028.239043191104,Paid
CL0154,2025-07-19,44028.239043191104,Paid
CL0154,2025-08-18,44028.239043191104,Paid
CL0154,2025-09-17,44028.239043191104,Paid
CL0154,2025-10-17,44028.239043191104,Paid
CL0154,2025-11-16,44028.239043191104,Paid
CL0155,2023-01-01,36876.33395217657,Paid
CL0155,2023-01-31,36876.33395217657,Missing
CL0155,2023-03-02,36876.33395217657,Paid
CL0155,2023-04-01,36876.33395217657,Paid
CL0155,2023-05-01,36876.33395217657,Paid
CL0155,2023-05-31,36876.33395217657,Paid
CL0155,2023-06-30,36876.33395217657,Paid
CL0155,2023-07-30,36876.33395217657,Paid
CL0155,2023-08-29,36876.33395217657,Paid
CL0155,2023-09-28,36876.33395217657,Missing
CL0155,2023-10-28,36876.33395217657,Paid
CL0155,2023-11-27,36876.33395217657,Paid
CL0155,2023-12-27,36876.33395217657,Missing
CL0155,2024-01-26,36876.33395217657,Paid
CL0155,2024-02-25,36876.33395217657,Missing
CL0155,2024-03-26,36876.33395217657,Paid
CL0155,2024-04-25,36876.33395217657,Paid
CL0155,2024-05-25,36876.33395217657,Paid
CL0155,2024-06-24,36876.33395217657,Paid
CL0155,2024-07-24,36876.33395217657,Paid
CL0155,2024-08-23,36876.33395217657,Missing
CL0155,2024-09-22,36876.33395217657,Missing
CL0155,2024-10-22,36876.33395217657,Paid
CL0155,2024-11-21,36876.33395217657,Paid
CL0155,2024-12-21,36876.33395217657,Paid
CL0155,2025-01-20,36876.33395217657,Paid
CL0155,2025-02-19,36876.33395217657,Paid
CL0155,2025-03-21,36876.33395217657,Paid
CL0155,2025-04-20,36876.33395217657,Missing
CL0155,2025-05-20,36876.33395217657,Paid
CL0155,2025-06-19,36876.33395217657,Paid
CL0155,2025-07-19,36876.33395217657,Paid
CL0155,2025-08-18,36876.33395217657,Paid
CL0155,2025-09-17,36876.33395217657,Paid
CL0155,2025-10-17,36876.33395217657,Paid
CL0155,2025-11-16,36876.33395217657,Paid
CL0156,2023-01-01,42665.59977636524,Missing
CL0156,2023-01-31,42665.59977636524,Missing
CL0156,2023-03-02,42665.59977636524,Paid
CL0156,2023-04-01,42665.59977636524,Paid
CL0156,2023-05-01,42665.59977636524,Paid
CL0156,2023-05-31,42665.59977636524,Missing
CL0156,2023-06-30,42665.59977636524,Paid
CL0156,2023-07-30,42665.59977636524,Paid
CL0156,2023-08-29,42665.59977636524,Paid
CL0156,2023-09-28,42665.59977636524,Paid
CL0156,2023-10-28,42665.59977636524,Paid
CL0156,2023-11-27,42665.59977636524,Missing
CL0156,2023-12-27,42665.59977636524,Paid
CL0156,2024-01-26,42665.59977636524,Paid
CL0156,2024-02-25,42665.59977636524,Paid
CL0156,2024-03-26,42665.59977636524,Paid
CL0156,2024-04-25,42665.59977636524,Paid
CL0156,2024-05-25,42665.59977636524,Missing
CL0156,2024-06-24,42665.59977636524,Paid
CL0156,2024-07-24,42665.59977636524,Paid
CL0156,2024-08-23,42665.59977636524,Paid
CL0156,2024-09-22,42665.59977636524,Paid
CL0156,2024-10-22,42665.59977636524,Paid
CL0156,2024-11-21,42665.59977636524,Paid
CL0156,2024-12-21,42665.59977636524,Paid
CL0156,2025-01-20,42665.59977636524,Missing
CL0156,2025-02-19,42665.59977636524,Paid
CL0156,2025-03-21,42665.59977636524,Paid
CL0156,2025-04-20,42665.59977636524,Paid
CL0156,2025-05-20,42665.59977636524,Paid
CL0156,2025-06-19,42665.59977636524,Paid
CL0156,2025-07-19,42665.59977636524,Paid
CL0156,2025-08-18,42665.59977636524,Paid
CL0156,2025-09-17,42665.59977636524,Paid
CL0156,2025-10-17,42665.59977636524,Paid
CL0156,2025-11-16,42665.59977636524,Paid
CL0157,2023-01-01,36386.215775117766,Paid
CL0157,2023-01-31,36386.215775117766,Missing
CL0157,2023-03-02,36386.215775117766,Paid
CL0157,2023-04-01,36386.215775117766,Paid
CL0157,2023-05-01,36386.215775117766,Paid
CL0157,2023-05-31,36386.215775117766,Paid
CL0157,2023-06-30,36386.215775117766,Paid
CL0157,2023-07-30,36386.215775117766,Paid
CL0157,2023-08-29,36386.215775117766,Paid
CL0157,2023-09-28,36386.215775117766,Paid
CL0157,2023-10-28,36386.215775117766,Paid
CL0157,2023-11-27,36386.215775117766,Paid
CL0157,2023-12-27,36386.215775117766,Paid
CL0157,2024-01-26,36386.215775117766,Paid
CL0157,2024-02-25,36386.215775117766,Paid
CL0157,2024-03-26,36386.215775117766,Paid
CL0157,2024-04-25,36386.215775117766,Paid
CL0157,2024-05-25,36386.215775117766,Paid
CL0157,2024-06-24,36386.215775117766,Paid
CL0157,2024-07-24,36386.215775117766,Paid
CL0157,2024-08-23,36386.215775117766,Paid
CL0157,2024-09-22,36386.215775117766,Paid
CL0157,2024-10-22,36386.215775117766,Paid
CL0157,2024-11-21,36386.215775117766,Paid
CL0157,2024-12-21,36386.215775117766,Missing
CL0157,2025-01-20,36386.215775117766,Paid
CL0157,2025-02-19,36386.215775117766,Paid
CL0157,2025-03-21,36386.215775117766,Paid
CL0157,2025-04-20,36386.215775117766,Missing
CL0157,2025-05-20,36386.215775117766,Paid
CL0157,2025-06-19,36386.215775117766,Paid
CL0157,2025-07-19,36386.215775117766,Paid
CL0157,2025-08-18,36386.215775117766,Paid
CL0157,2025-09-17,36386.215775117766,Paid
CL0157,2025-10-17,36386.215775117766,Paid
CL0157,2025-11-16,36386.215775117766,Missing
CL0158,2023-01-01,35606.334729213515,Paid
CL0158,2023-01-31,35606.334729213515,Paid
CL0158,2023-03-02,35606.334729213515,Paid
CL0158,2023-04-01,35606.334729213515,Paid
CL0158,2023-05-01,35606.334729213515,Paid
CL0158,2023-05-31,35606.334729213515,Paid
CL0158,2023-06-30,35606.334729213515,Paid
CL0158,2023-07-30,35606.334729213515,Paid
CL0158,2023-08-29,35606.334729213515,Paid
CL0158,2023-09-28,35606.334729213515,Paid
CL0158,2023-10-28,35606.334729213515,Missing
CL0158,2023-11-27,35606.334729213515,Paid
CL0158,2023-12-27,35606.334729213515,Paid
CL0158,2024-01-26,35606.334729213515,Paid
CL0158,2024-02-25,35606.334729213515,Paid
CL0158,2024-03-26,35606.334729213515,Paid
CL0158,2024-04-25,35606.334729213515,Paid
CL0158,2024-05-25,35606.334729213515,Paid
CL0158,2024-06-24,35606.334729213515,Paid
CL0158,2024-07-24,35606.334729213515,Paid
CL0158,2024-08-23,35606.334729213515,Paid
CL0158,2024-09-22,35606.334729213515,Paid
CL0158,2024-10-22,35606.334729213515,Paid
CL0158,2024-11-21,35606.334729213515,Paid
CL0158,2024-12-21,35606.334729213515,Paid
CL0158,2025-01-20,35606.334729213515,Paid
CL0158,2025-02-19,35606.334729213515,Paid
CL0158,2025-03-21,35606.334729213515,Paid
CL0158,2025-04-20,35606.334729213515,Paid
CL0158,2025-05-20,35606.334729213515,Paid
CL0158,2025-06-19,35606.334729213515,Missing
CL0158,2025-07-19,35606.334729213515,Paid
CL0158,2025-08-18,35606.334729213515,Missing
CL0158,2025-09-17,35606.334729213515,Paid
CL0158,2025-10-17,35606.334729213515,Paid
CL0158,2025-11-16,35606.334729213515,Paid
CL0159,2023-01-01,32837.512019683294,Paid
CL0159,2023-01-31,32837.512019683294,Paid
CL0159,2023-03-02,32837.512019683294,Paid
CL0159,2023-04-01,32837.512019683294,Paid
CL0159,2023-05-01,32837.512019683294,Paid
CL0159,2023-05-31,32837.512019683294,Paid
CL0159,2023-06-30,32837.512019683294,Paid
CL0159,2023-07-30,32837.512019683294,Paid
CL0159,2023-08-29,32837.512019683294,Paid
CL0159,2023-09-28,32837.512019683294,Paid
CL0159,2023-10-28,32837.512019683294,Paid
CL0159,2023-11-27,32837.512019683294,Missing
CL0159,2023-12-27,32837.512019683294,Paid
CL0159,2024-01-26,32837.512019683294,Paid
CL0159,2024-02-25,32837.512019683294,Paid
CL0159,2024-03-26,32837.512019683294,Paid
CL0159,2024-04-25,32837.512019683294,Paid
CL0159,2024-05-25,32837.512019683294,Paid
CL0159,2024-06-24,32837.512019683294,Paid
CL0159,2024-07-24,32837.512019683294,Paid
CL0159,2024-08-23,32837.512019683294,Missing
CL0159,2024-09-22,32837.512019683294,Paid
CL0159,2024-10-22,32837.512019683294,Paid
CL0159,2024-11-21,32837.512019683294,Paid
CL0159,2024-12-21,32837.512019683294,Paid
CL0159,2025-01-20,32837.512019683294,Paid
CL0159,2025-02-19,32837.512019683294,Paid
CL0159,2025-03-21,32837.512019683294,Paid
CL0159,2025-04-20,32837.512019683294,Missing
CL0159,2025-05-20,32837.512019683294,Paid
CL0159,2025-06-19,32837.512019683294,Paid
CL0159,2025-07-19,32837.512019683294,Missing
CL0159,2025-08-18,32837.512019683294,Paid
CL0159,2025-09-17,32837.512019683294,Paid
CL0159,2025-10-17,32837.512019683294,Paid
CL0159,2025-11-16,32837.512019683294,Paid
CL0160,2023-01-01,38872.248780093854,Paid
CL0160,2023-01-31,38872.248780093854,Missing
CL0160,2023-03-02,38872.248780093854,Paid
CL0160,2023-04-01,38872.248780093854,Paid
CL0160,2023-05-01,38872.248780093854,Paid
CL0160,2023-05-31,38872.248780093854,Paid
CL0160,2023-06-30,38872.248780093854,Missing
CL0160,2023-07-30,38872.248780093854,Paid
CL0160,2023-08-29,38872.248780093854,Paid
CL0160,2023-09-28,38872.248780093854,Paid
CL0160,2023-10-28,38872.248780093854,Paid
CL0160,2023-11-27,38872.248780093854,Paid
CL0160,2023-12-27,38872.248780093854,Paid
CL0160,2024-01-26,38872.248780093854,Paid
CL0160,2024-02-25,38872.248780093854,Paid
CL0160,2024-03-26,38872.248780093854,Paid
CL0160,2024-04-25,38872.248780093854,Paid
CL0160,2024-05-25,38872.248780093854,Missing
CL0160,2024-06-24,38872.248780093854,Paid
CL0160,2024-07-24,38872.248780093854,Paid
CL0160,2024-08-23,38872.248780093854,Missing
CL0160,2024-09-22,38872.248780093854,Paid
CL0160,2024-10-22,38872.248780093854,Paid
CL0160,2024-11-21,38872.248780093854,Paid
CL0160,2024-12-21,38872.248780093854,Paid
CL0160,2025-01-20,38872.248780093854,Paid
CL0160,2025-02-19,38872.248780093854,Paid
CL0160,2025-03-21,38872.248780093854,Paid
CL0160,2025-04-20,38872.248780093854,Paid
CL0160,2025-05-20,38872.248780093854,Paid
CL0160,2025-06-19,38872.248780093854,Paid
CL0160,2025-07-19,38872.248780093854,Paid
CL0160,2025-08-18,38872.248780093854,Paid
CL0160,2025-09-17,38872.248780093854,Paid
CL0160,2025-10-17,38872.248780093854,Paid
CL0160,2025-11-16,38872.248780093854,Paid
CL0161,2023-01-01,12137.229738188316,Paid
CL0161,2023-01-31,12137.229738188316,Paid
CL0161,2023-03-02,12137.229738188316,Missing
CL0161,2023-04-01,12137.229738188316,Paid
CL0161,2023-05-01,12137.229738188316,Paid
CL0161,2023-05-31,12137.229738188316,Paid
CL0161,2023-06-30,12137.229738188316,Paid
CL0161,2023-07-30,12137.229738188316,Paid
CL0161,2023-08-29,12137.229738188316,Paid
CL0161,2023-09-28,12137.229738188316,Missing
CL0161,2023-10-28,12137.229738188316,Paid
CL0161,2023-11-27,12137.229738188316,Paid
CL0161,2023-12-27,12137.229738188316,Paid
CL0161,2024-01-26,12137.229738188316,Missing
CL0161,2024-02-25,12137.229738188316,Paid
CL0161,2024-03-26,12137.229738188316,Paid
CL0161,2024-04-25,12137.229738188316,Paid
CL0161,2024-05-25,12137.229738188316,Paid
CL0161,2024-06-24,12137.229738188316,Paid
CL0161,2024-07-24,12137.229738188316,Missing
CL0161,2024-08-23,12137.229738188316,Paid
CL0161,2024-09-22,12137.229738188316,Paid
CL0161,2024-10-22,12137.229738188316,Paid
CL0161,2024-11-21,12137.229738188316,Paid
CL0161,2024-12-21,12137.229738188316,Paid
CL0161,2025-01-20,12137.229738188316,Paid
CL0161,2025-02-19,12137.229738188316,Paid
CL0161,2025-03-21,12137.229738188316,Paid
CL0161,2025-04-20,12137.229738188316,Paid
CL0161,2025-05-20,12137.229738188316,Paid
CL0161,2025-06-19,12137.229738188316,Paid
CL0161,2025-07-19,12137.229738188316,Paid
CL0161,2025-08-18,12137.229738188316,Paid
CL0161,2025-09-17,12137.229738188316,Paid
CL0161,2025-10-17,12137.229738188316,Paid
CL0161,2025-11-16,12137.229738188316,Paid
CL0162,2023-01-01,44639.18416395178,Paid
CL0162,2023-01-31,44639.18416395178,Paid
CL0162,2023-03-02,44639.18416395178,Paid
CL0162,2023-04-01,44639.18416395178,Missing
CL0162,2023-05-01,44639.18416395178,Paid
CL0162,2023-05-31,44639.18416395178,Paid
CL0162,2023-06-30,44639.18416395178,Paid
CL0162,2023-07-30,44639.18416395178,Paid
CL0162,2023-08-29,44639.18416395178,Paid
CL0162,2023-09-28,44639.18416395178,Paid
CL0162,2023-10-28,44639.18416395178,Paid
CL0162,2023-11-27,44639.18416395178,Paid
CL0162,2023-12-27,44639.18416395178,Paid
CL0162,2024-01-26,44639.18416395178,Paid
CL0162,2024-02-25,44639.18416395178,Paid
CL0162,2024-03-26,44639.18416395178,Paid
CL0162,2024-04-25,44639.18416395178,Paid
CL0162,2024-05-25,44639.18416395178,Paid
CL0162,2024-06-24,44639.18416395178,Paid
CL0162,2024-07-24,44639.18416395178,Paid
CL0162,2024-08-23,44639.18416395178,Paid
CL0162,2024-09-22,44639.18416395178,Paid
CL0162,2024-10-22,44639.18416395178,Missing
CL0162,2024-11-21,44639.18416395178,Paid
CL0162,2024-12-21,44639.18416395178,Paid
CL0162,2025-01-20,44639.18416395178,Paid
CL0162,2025-02-19,44639.18416395178,Paid
CL0162,2025-03-21,44639.18416395178,Paid
CL0162,2025-04-20,44639.18416395178,Missing
CL0162,2025-05-20,44639.18416395178,Paid
CL0162,2025-06-19,44639.18416395178,Paid
CL0162,2025-07-19,44639.18416395178,Paid
CL0162,2025-08-18,44639.18416395178,Paid
CL0162,2025-09-17,44639.18416395178,Paid
CL0162,2025-10-17,44639.18416395178,Paid
CL0162,2025-11-16,44639.18416395178,Paid
CL0163,2023-01-01,44232.95874853544,Paid
CL0163,2023-01-31,44232.95874853544,Paid
CL0163,2023-03-02,44232.95874853544,Paid
CL0163,2023-04-01,44232.95874853544,Paid
CL0163,2023-05-01,44232.95874853544,Paid
CL0163,2023-05-31,44232.95874853544,Paid
CL0163,2023-06-30,44232.95874853544,Paid
CL0163,2023-07-30,44232.95874853544,Paid
CL0163,2023-08-29,44232.95874853544,Paid
CL0163,2023-09-28,44232.95874853544,Paid
CL0163,2023-10-28,44232.95874853544,Missing
CL0163,2023-11-27,44232.95874853544,Paid
CL0163,2023-12-27,44232.95874853544,Missing
CL0163,2024-01-26,44232.95874853544,Paid
CL0163,2024-02-25,44232.95874853544,Paid
CL0163,2024-03-26,44232.95874853544,Paid
CL0163,2024-04-25,44232.95874853544,Paid
CL0163,2024-05-25,44232.95874853544,Missing
CL0163,2024-06-24,44232.95874853544,Paid
CL0163,2024-07-24,44232.95874853544,Paid
CL0163,2024-08-23,44232.95874853544,Paid
CL0163,2024-09-22,44232.95874853544,Paid
CL0163,2024-10-22,44232.95874853544,Paid
CL0163,2024-11-21,44232.95874853544,Paid
CL0163,2024-12-21,44232.95874853544,Paid
CL0163,2025-01-20,44232.95874853544,Paid
CL0163,2025-02-19,44232.95874853544,Paid
CL0163,2025-03-21,44232.95874853544,Paid
CL0163,2025-04-20,44232.95874853544,Paid
CL0163,2025-05-20,44232.95874853544,Paid
CL0163,2025-06-19,44232.95874853544,Paid
CL0163,2025-07-19,44232.95874853544,Paid
CL0163,2025-08-18,44232.95874853544,Paid
CL0163,2025-09-17,44232.95874853544,Paid
CL0163,2025-10-17,44232.95874853544,Paid
CL0163,2025-11-16,44232.95874853544,Paid
CL0164,2023-01-01,6316.127736555161,Missing
CL0164,2023-01-31,6316.127736555161,Paid
CL0164,2023-03-02,6316.127736555161,Paid
CL0164,2023-04-01,6316.127736555161,Paid
CL0164,2023-05-01,6316.127736555161,Missing
CL0164,2023-05-31,6316.127736555161,Paid
CL0164,2023-06-30,6316.127736555161,Paid
CL0164,2023-07-30,6316.127736555161,Paid
CL0164,2023-08-29,6316.127736555161,Paid
CL0164,2023-09-28,6316.127736555161,Paid
CL0164,2023-10-28,6316.127736555161,Paid
CL0164,2023-11-27,6316.127736555161,Paid
CL0164,2023-12-27,6316.127736555161,Paid
CL0164,2024-01-26,6316.127736555161,Paid
CL0164,2024-02-25,6316.127736555161,Paid
CL0164,2024-03-26,6316.127736555161,Paid
CL0164,2024-04-25,6316.127736555161,Missing
CL0164,2024-05-25,6316.127736555161,Paid
CL0164,2024-06-24,6316.127736555161,Paid
CL0164,2024-07-24,6316.127736555161,Paid
CL0164,2024-08-23,6316.127736555161,Paid
CL0164,2024-09-22,6316.127736555161,Paid
CL0164,2024-10-22,6316.127736555161,Paid
CL0164,2024-11-21,6316.127736555161,Paid
CL0164,2024-12-21,6316.127736555161,Paid
CL0164,2025-01-20,6316.127736555161,Paid
CL0164,2025-02-19,6316.127736555161,Paid
CL0164,2025-03-21,6316.127736555161,Paid
CL0164,2025-04-20,6316.127736555161,Paid
CL0164,2025-05-20,6316.127736555161,Paid
CL0164,2025-06-19,6316.127736555161,Paid
CL0164,2025-07-19,6316.127736555161,Paid
CL0164,2025-08-18,6316.127736555161,Paid
CL0164,2025-09-17,6316.127736555161,Paid
CL0164,2025-10-17,6316.127736555161,Paid
CL0164,2025-11-16,6316.127736555161,Paid
CL0165,2023-01-01,42161.75377541432,Paid
CL0165,2023-01-31,42161.75377541432,Paid
CL0165,2023-03-02,42161.75377541432,Missing
CL0165,2023-04-01,42161.75377541432,Paid
CL0165,2023-05-01,42161.75377541432,Paid
CL0165,2023-05-31,42161.75377541432,Paid
CL0165,2023-06-30,42161.75377541432,Missing
CL0165,2023-07-30,42161.75377541432,Missing
CL0165,2023-08-29,42161.75377541432,Paid
CL0165,2023-09-28,42161.75377541432,Paid
CL0165,2023-10-28,42161.75377541432,Paid
CL0165,2023-11-27,42161.75377541432,Paid
CL0165,2023-12-27,42161.75377541432,Paid
CL0165,2024-01-26,42161.75377541432,Missing
CL0165,2024-02-25,42161.75377541432,Paid
CL0165,2024-03-26,42161.75377541432,Paid
CL0165,2024-04-25,42161.75377541432,Paid
CL0165,2024-05-25,42161.75377541432,Paid
CL0165,2024-06-24,42161.75377541432,Paid
CL0165,2024-07-24,42161.75377541432,Paid
CL0165,2024-08-23,42161.75377541432,Paid
CL0165,2024-09-22,42161.75377541432,Missing
CL0165,2024-10-22,42161.75377541432,Paid
CL0165,2024-11-21,42161.75377541432,Paid
CL0165,2024-12-21,42161.75377541432,Paid
CL0165,2025-01-20,42161.75377541432,Paid
CL0165,2025-02-19,42161.75377541432,Paid
CL0165,2025-03-21,42161.75377541432,Paid
CL0165,2025-04-20,42161.75377541432,Paid
CL0165,2025-05-20,42161.75377541432,Paid
CL0165,2025-06-19,42161.75377541432,Paid
CL0165,2025-07-19,42161.75377541432,Paid
CL0165,2025-08-18,42161.75377541432,Paid
CL0165,2025-09-17,42161.75377541432,Paid
CL0165,2025-10-17,42161.75377541432,Paid
CL0165,2025-11-16,42161.75377541432,Paid
CL0166,2023-01-01,10799.144036305035,Missing
CL0166,2023-01-31,10799.144036305035,Paid
CL0166,2023-03-02,10799.144036305035,Paid
CL0166,2023-04-01,10799.144036305035,Paid
CL0166,2023-05-01,10799.144036305035,Paid
CL0166,2023-05-31,10799.144036305035,Paid
CL0166,2023-06-30,10799.144036305035,Paid
CL0166,2023-07-30,10799.144036305035,Paid
CL0166,2023-08-29,10799.144036305035,Paid
CL0166,2023-09-28,10799.144036305035,Paid
CL0166,2023-10-28,10799.144036305035,Paid
CL0166,2023-11-27,10799.144036305035,Paid
CL0166,2023-12-27,10799.144036305035,Paid
CL0166,2024-01-26,10799.144036305035,Paid
CL0166,2024-02-25,10799.144036305035,Paid
CL0166,2024-03-26,10799.144036305035,Missing
CL0166,2024-04-25,10799.144036305035,Paid
CL0166,2024-05-25,10799.144036305035,Paid
CL0166,2024-06-24,10799.144036305035,Paid
CL0166,2024-07-24,10799.144036305035,Paid
CL0166,2024-08-23,10799.144036305035,Paid
CL0166,2024-09-22,10799.144036305035,Paid
CL0166,2024-10-22,10799.144036305035,Paid
CL0166,2024-11-21,10799.144036305035,Paid
CL0166,2024-12-21,10799.144036305035,Paid
CL0166,2025-01-20,10799.144036305035,Paid
CL0166,2025-02-19,10799.144036305035,Paid
CL0166,2025-03-21,10799.144036305035,Missing
CL0166,2025-04-20,10799.144036305035,Paid
CL0166,2025-05-20,10799.144036305035,Paid
CL0166,2025-06-19,10799.144036305035,Paid
CL0166,2025-07-19,10799.144036305035,Paid
CL0166,2025-08-18,10799.144036305035,Paid
CL0166,2025-09-17,10799.144036305035,Missing
CL0166,2025-10-17,10799.144036305035,Paid
CL0166,2025-11-16,10799.144036305035,Paid
CL0167,2023-01-01,20080.348441661383,Paid
CL0167,2023-01-31,20080.348441661383,Paid
CL0167,2023-03-02,20080.348441661383,Paid
CL0167,2023-04-01,20080.348441661383,Paid
CL0167,2023-05-01,20080.348441661383,Missing
CL0167,2023-05-31,20080.348441661383,Paid
CL0167,2023-06-30,20080.348441661383,Paid
CL0167,2023-07-30,20080.348441661383,Paid
CL0167,2023-08-29,20080.348441661383,Paid
CL0167,2023-09-28,20080.348441661383,Paid
CL0167,2023-10-28,20080.348441661383,Missing
CL0167,2023-11-27,20080.348441661383,Paid
CL0167,2023-12-27,20080.348441661383,Paid
CL0167,2024-01-26,20080.348441661383,Paid
CL0167,2024-02-25,20080.348441661383,Paid
CL0167,2024-03-26,20080.348441661383,Paid
CL0167,2024-04-25,20080.348441661383,Paid
CL0167,2024-05-25,20080.348441661383,Paid
CL0167,2024-06-24,20080.348441661383,Paid
CL0167,2024-07-24,20080.348441661383,Paid
CL0167,2024-08-23,20080.348441661383,Paid
CL0167,2024-09-22,20080.348441661383,Paid
CL0167,2024-10-22,20080.348441661383,Paid
CL0167,2024-11-21,20080.348441661383,Paid
CL0167,2024-12-21,20080.348441661383,Paid
CL0167,2025-01-20,20080.348441661383,Missing
CL0167,2025-02-19,20080.348441661383,Paid
CL0167,2025-03-21,20080.348441661383,Paid
CL0167,2025-04-20,20080.348441661383,Paid
CL0167,2025-05-20,20080.348441661383,Paid
CL0167,2025-06-19,20080.348441661383,Paid
CL0167,2025-07-19,20080.348441661383,Paid
CL0167,2025-08-18,20080.348441661383,Paid
CL0167,2025-09-17,20080.348441661383,Paid
CL0167,2025-10-17,20080.348441661383,Paid
CL0167,2025-11-16,20080.348441661383,Paid
CL0168,2023-01-01,38457.87153312235,Paid
CL0168,2023-01-31,38457.87153312235,Paid
CL0168,2023-03-02,38457.87153312235,Paid
CL0168,2023-04-01,38457.87153312235,Paid
CL0168,2023-05-01,38457.87153312235,Paid
CL0168,2023-05-31,38457.87153312235,Paid
CL0168,2023-06-30,38457.87153312235,Paid
CL0168,2023-07-30,38457.87153312235,Paid
CL0168,2023-08-29,38457.87153312235,Paid
CL0168,2023-09-28,38457.87153312235,Paid
CL0168,2023-10-28,38457.87153312235,Paid
CL0168,2023-11-27,38457.87153312235,Paid
CL0168,2023-12-27,38457.87153312235,Paid
CL0168,2024-01-26,38457.87153312235,Paid
CL0168,2024-02-25,38457.87153312235,Paid
CL0168,2024-03-26,38457.87153312235,Paid
CL0168,2024-04-25,38457.87153312235,Paid
CL0168,2024-05-25,38457.87153312235,Paid
CL0168,2024-06-24,38457.87153312235,Missing
CL0168,2024-07-24,38457.87153312235,Missing
CL0168,2024-08-23,38457.87153312235,Paid
CL0168,2024-09-22,38457.87153312235,Paid
CL0168,2024-10-22,38457.87153312235,Paid
CL0168,2024-11-21,38457.87153312235,Paid
CL0168,2024-12-21,38457.87153312235,Missing
CL0168,2025-01-20,38457.87153312235,Paid
CL0168,2025-02-19,38457.87153312235,Paid
CL0168,2025-03-21,38457.87153312235,Paid
CL0168,2025-04-20,38457.87153312235,Missing
CL0168,2025-05-20,38457.87153312235,Paid
CL0168,2025-06-19,38457.87153312235,Missing
CL0168,2025-07-19,38457.87153312235,Paid
CL0168,2025-08-18,38457.87153312235,Paid
CL0168,2025-09-17,38457.87153312235,Paid
CL0168,2025-10-17,38457.87153312235,Paid
CL0168,2025-11-16,38457.87153312235,Paid
CL0169,2023-01-01,12234.19532217387,Paid
CL0169,2023-01-31,12234.19532217387,Paid
CL0169,2023-03-02,12234.19532217387,Paid
CL0169,2023-04-01,12234.19532217387,Paid
CL0169,2023-05-01,12234.19532217387,Paid
CL0169,2023-05-31,12234.19532217387,Missing
CL0169,2023-06-30,12234.19532217387,Paid
CL0169,2023-07-30,12234.19532217387,Paid
CL0169,2023-08-29,12234.19532217387,Paid
CL0169,2023-09-28,12234.19532217387,Paid
CL0169,2023-10-28,12234.19532217387,Paid
CL0169,2023-11-27,12234.19532217387,Paid
CL0169,2023-12-27,12234.19532217387,Paid
CL0169,2024-01-26,12234.19532217387,Paid
CL0169,2024-02-25,12234.19532217387,Paid
CL0169,2024-03-26,12234.19532217387,Paid
CL0169,2024-04-25,12234.19532217387,Paid
CL0169,2024-05-25,12234.19532217387,Paid
CL0169,2024-06-24,12234.19532217387,Paid
CL0169,2024-07-24,12234.19532217387,Paid
CL0169,2024-08-23,12234.19532217387,Paid
CL0169,2024-09-22,12234.19532217387,Paid
CL0169,2024-10-22,12234.19532217387,Paid
CL0169,2024-11-21,12234.19532217387,Paid
CL0169,2024-12-21,12234.19532217387,Paid
CL0169,2025-01-20,12234.19532217387,Paid
CL0169,2025-02-19,12234.19532217387,Paid
CL0169,2025-03-21,12234.19532217387,Paid
CL0169,2025-04-20,12234.19532217387,Paid
CL0169,2025-05-20,12234.19532217387,Paid
CL0169,2025-06-19,12234.19532217387,Paid
CL0169,2025-07-19,12234.19532217387,Paid
CL0169,2025-08-18,12234.19532217387,Paid
CL0169,2025-09-17,12234.19532217387,Missing
CL0169,2025-10-17,12234.19532217387,Paid
CL0169,2025-11-16,12234.19532217387,Paid
CL0170,2023-01-01,41808.5160853578,Missing
CL0170,2023-01-31,41808.5160853578,Paid
CL0170,2023-03-02,41808.5160853578,Paid
CL0170,2023-04-01,41808.5160853578,Paid
CL0170,2023-05-01,41808.5160853578,Paid
CL0170,2023-05-31,41808.5160853578,Paid
CL0170,2023-06-30,41808.5160853578,Paid
CL0170,2023-07-30,41808.5160853578,Paid
CL0170,2023-08-29,41808.5160853578,Paid
CL0170,2023-09-28,41808.5160853578,Paid
CL0170,2023-10-28,41808.5160853578,Paid
CL0170,2023-11-27,41808.5160853578,Paid
CL0170,2023-12-27,41808.5160853578,Paid
CL0170,2024-01-26,41808.5160853578,Paid
CL0170,2024-02-25,41808.5160853578,Paid
CL0170,2024-03-26,41808.5160853578,Paid
CL0170,2024-04-25,41808.5160853578,Paid
CL0170,2024-05-25,41808.5160853578,Missing
CL0170,2024-06-24,41808.5160853578,Paid
CL0170,2024-07-24,41808.5160853578,Paid
CL0170,2024-08-23,41808.5160853578,Paid
CL0170,2024-09-22,41808.5160853578,Paid
CL0170,2024-10-22,41808.5160853578,Paid
CL0170,2024-11-21,41808.5160853578,Paid
CL0170,2024-12-21,41808.5160853578,Paid
CL0170,2025-01-20,41808.5160853578,Paid
CL0170,2025-02-19,41808.5160853578,Paid
CL0170,2025-03-21,41808.5160853578,Paid
CL0170,2025-04-20,41808.5160853578,Paid
CL0170,2025-05-20,41808.5160853578,Missing
CL0170,2025-06-19,41808.5160853578,Paid
CL0170,2025-07-19,41808.5160853578,Paid
CL0170,2025-08-18,41808.5160853578,Missing
CL0170,2025-09-17,41808.5160853578,Paid
CL0170,2025-10-17,41808.5160853578,Paid
CL0170,2025-11-16,41808.5160853578,Paid
CL0171,2023-01-01,42446.03800809839,Paid
CL0171,2023-01-31,42446.03800809839,Paid
CL0171,2023-03-02,42446.03800809839,Paid
CL0171,2023-04-01,42446.03800809839,Paid
CL0171,2023-05-01,42446.03800809839,Paid
CL0171,2023-05-31,42446.03800809839,Paid
CL0171,2023-06-30,42446.03800809839,Paid
CL0171,2023-07-30,42446.03800809839,Paid
CL0171,2023-08-29,42446.03800809839,Missing
CL0171,2023-09-28,42446.03800809839,Paid
CL0171,2023-10-28,42446.03800809839,Paid
CL0171,2023-11-27,42446.03800809839,Paid
CL0171,2023-12-27,42446.03800809839,Missing
CL0171,2024-01-26,42446.03800809839,Paid
CL0171,2024-02-25,42446.03800809839,Paid
CL0171,2024-03-26,42446.03800809839,Paid
CL0171,2024-04-25,42446.03800809839,Paid
CL0171,2024-05-25,42446.03800809839,Missing
CL0171,2024-06-24,42446.03800809839,Paid
CL0171,2024-07-24,42446.03800809839,Paid
CL0171,2024-08-23,42446.03800809839,Paid
CL0171,2024-09-22,42446.03800809839,Paid
CL0171,2024-10-22,42446.03800809839,Missing
CL0171,2024-11-21,42446.03800809839,Paid
CL0171,2024-12-21,42446.03800809839,Paid
CL0171,2025-01-20,42446.03800809839,Missing
CL0171,2025-02-19,42446.03800809839,Paid
CL0171,2025-03-21,42446.03800809839,Paid
CL0171,2025-04-20,42446.03800809839,Paid
CL0171,2025-05-20,42446.03800809839,Paid
CL0171,2025-06-19,42446.03800809839,Missing
CL0171,2025-07-19,42446.03800809839,Paid
CL0171,2025-08-18,42446.03800809839,Paid
CL0171,2025-09-17,42446.03800809839,Paid
CL0171,2025-10-17,42446.03800809839,Paid
CL0171,2025-11-16,42446.03800809839,Paid
CL0172,2023-01-01,27836.04801923763,Paid
CL0172,2023-01-31,27836.04801923763,Missing
CL0172,2023-03-02,27836.04801923763,Paid
CL0172,2023-04-01,27836.04801923763,Paid
CL0172,2023-05-01,27836.04801923763,Paid
CL0172,2023-05-31,27836.04801923763,Paid
CL0172,2023-06-30,27836.04801923763,Paid
CL0172,2023-07-30,27836.04801923763,Paid
CL0172,2023-08-29,27836.04801923763,Paid
CL0172,2023-09-28,27836.04801923763,Paid
CL0172,2023-10-28,27836.04801923763,Missing
CL0172,2023-11-27,27836.04801923763,Paid
CL0172,2023-12-27,27836.04801923763,Missing
CL0172,2024-01-26,27836.04801923763,Missing
CL0172,2024-02-25,27836.04801923763,Paid
CL0172,2024-03-26,27836.04801923763,Paid
CL0172,2024-04-25,27836.04801923763,Paid
CL0172,2024-05-25,27836.04801923763,Paid
CL0172,2024-06-24,27836.04801923763,Paid
CL0172,2024-07-24,27836.04801923763,Missing
CL0172,2024-08-23,27836.04801923763,Paid
CL0172,2024-09-22,27836.04801923763,Paid
CL0172,2024-10-22,27836.04801923763,Paid
CL0172,2024-11-21,27836.04801923763,Paid
CL0172,2024-12-21,27836.04801923763,Paid
CL0172,2025-01-20,27836.04801923763,Paid
CL0172,2025-02-19,27836.04801923763,Missing
CL0172,2025-03-21,27836.04801923763,Paid
CL0172,2025-04-20,27836.04801923763,Paid
CL0172,2025-05-20,27836.04801923763,Paid
CL0172,2025-06-19,27836.04801923763,Paid
CL0172,2025-07-19,27836.04801923763,Missing
CL0172,2025-08-18,27836.04801923763,Paid
CL0172,2025-09-17,27836.04801923763,Paid
CL0172,2025-10-17,27836.04801923763,Paid
CL0172,2025-11-16,27836.04801923763,Missing
CL0173,2023-01-01,5287.364227257511,Paid
CL0173,2023-01-31,5287.364227257511,Paid
CL0173,2023-03-02,5287.364227257511,Paid
CL0173,2023-04-01,5287.364227257511,Paid
CL0173,2023-05-01,5287.364227257511,Paid
CL0173,2023-05-31,5287.364227257511,Paid
CL0173,2023-06-30,5287.364227257511,Paid
CL0173,2023-07-30,5287.364227257511,Paid
CL0173,2023-08-29,5287.364227257511,Paid
CL0173,2023-09-28,5287.364227257511,Paid
CL0173,2023-10-28,5287.364227257511,Paid
CL0173,2023-11-27,5287.364227257511,Paid
CL0173,2023-12-27,5287.364227257511,Paid
CL0173,2024-01-26,5287.364227257511,Paid
CL0173,2024-02-25,5287.364227257511,Paid
CL0173,2024-03-26,5287.364227257511,Missing
CL0173,2024-04-25,5287.364227257511,Paid
CL0173,2024-05-25,5287.364227257511,Paid
CL0173,2024-06-24,5287.364227257511,Paid
CL0173,2024-07-24,5287.364227257511,Paid
CL0173,2024-08-23,5287.364227257511,Paid
CL0173,2024-09-22,5287.364227257511,Paid
CL0173,2024-10-22,5287.364227257511,Missing
CL0173,2024-11-21,5287.364227257511,Paid
CL0173,2024-12-21,5287.364227257511,Paid
CL0173,2025-01-20,5287.364227257511,Paid
CL0173,2025-02-19,5287.364227257511,Paid
CL0173,2025-03-21,5287.364227257511,Paid
CL0173,2025-04-20,5287.364227257511,Paid
CL0173,2025-05-20,5287.364227257511,Paid
CL0173,2025-06-19,5287.364227257511,Paid
CL0173,2025-07-19,5287.364227257511,Paid
CL0173,2025-08-18,5287.364227257511,Paid
CL0173,2025-09-17,5287.364227257511,Paid
CL0173,2025-10-17,5287.364227257511,Paid
CL0173,2025-11-16,5287.364227257511,Paid
CL0174,2023-01-01,17916.715992871075,Paid
CL0174,2023-01-31,17916.715992871075,Missing
CL0174,2023-03-02,17916.715992871075,Paid
CL0174,2023-04-01,17916.715992871075,Paid
CL0174,2023-05-01,17916.715992871075,Paid
CL0174,2023-05-31,17916.715992871075,Paid
CL0174,2023-06-30,17916.715992871075,Paid
CL0174,2023-07-30,17916.715992871075,Paid
CL0174,2023-08-29,17916.715992871075,Paid
CL0174,2023-09-28,17916.715992871075,Paid
CL0174,2023-10-28,17916.715992871075,Paid
CL0174,2023-11-27,17916.715992871075,Paid
CL0174,2023-12-27,17916.715992871075,Paid
CL0174,2024-01-26,17916.715992871075,Paid
CL0174,2024-02-25,17916.715992871075,Paid
CL0174,2024-03-26,17916.715992871075,Paid
CL0174,2024-04-25,17916.715992871075,Paid
CL0174,2024-05-25,17916.715992871075,Missing
CL0174,2024-06-24,17916.715992871075,Paid
CL0174,2024-07-24,17916.715992871075,Paid
CL0174,2024-08-23,17916.715992871075,Paid
CL0174,2024-09-22,17916.715992871075,Paid
CL0174,2024-10-22,17916.715992871075,Paid
CL0174,2024-11-21,17916.715992871075,Paid
CL0174,2024-12-21,17916.715992871075,Paid
CL0174,2025-01-20,17916.715992871075,Paid
CL0174,2025-02-19,17916.715992871075,Paid
CL0174,2025-03-21,17916.715992871075,Paid
CL0174,2025-04-20,17916.715992871075,Missing
CL0174,2025-05-20,17916.715992871075,Paid
CL0174,2025-06-19,17916.715992871075,Paid
CL0174,2025-07-19,17916.715992871075,Paid
CL0174,2025-08-18,17916.715992871075,Paid
CL0174,2025-09-17,17916.715992871075,Paid
CL0174,2025-10-17,17916.715992871075,Missing
CL0174,2025-11-16,17916.715992871075,Missing
CL0175,2023-01-01,32761.7113269084,Paid
CL0175,2023-01-31,32761.7113269084,Paid
CL0175,2023-03-02,32761.7113269084,Missing
CL0175,2023-04-01,32761.7113269084,Paid
CL0175,2023-05-01,32761.7113269084,Paid
CL0175,2023-05-31,32761.7113269084,Paid
CL0175,2023-06-30,32761.7113269084,Paid
CL0175,2023-07-30,32761.7113269084,Paid
CL0175,2023-08-29,32761.7113269084,Paid
CL0175,2023-09-28,32761.7113269084,Paid
CL0175,2023-10-28,32761.7113269084,Paid
CL0175,2023-11-27,32761.7113269084,Paid
CL0175,2023-12-27,32761.7113269084,Paid
CL0175,2024-01-26,32761.7113269084,Missing
CL0175,2024-02-25,32761.7113269084,Paid
CL0175,2024-03-26,32761.7113269084,Paid
CL0175,2024-04-25,32761.7113269084,Paid
CL0175,2024-05-25,32761.7113269084,Paid
CL0175,2024-06-24,32761.7113269084,Paid
CL0175,2024-07-24,32761.7113269084,Paid
CL0175,2024-08-23,32761.7113269084,Paid
CL0175,2024-09-22,32761.7113269084,Paid
CL0175,2024-10-22,32761.7113269084,Paid
CL0175,2024-11-21,32761.7113269084,Paid
CL0175,2024-12-21,32761.7113269084,Paid
CL0175,2025-01-20,32761.7113269084,Paid
CL0175,2025-02-19,32761.7113269084,Paid
CL0175,2025-03-21,32761.7113269084,Missing
CL0175,2025-04-20,32761.7113269084,Paid
CL0175,2025-05-20,32761.7113269084,Paid
CL0175,2025-06-19,32761.7113269084,Paid
CL0175,2025-07-19,32761.7113269084,Paid
CL0175,2025-08-18,32761.7113269084,Paid
CL0175,2025-09-17,32761.7113269084,Paid
CL0175,2025-10-17,32761.7113269084,Paid
CL0175,2025-11-16,32761.7113269084,Paid
CL0176,2023-01-01,49153.37801123405,Paid
CL0176,2023-01-31,49153.37801123405,Paid
CL0176,2023-03-02,49153.37801123405,Paid
CL0176,2023-04-01,49153.37801123405,Paid
CL0176,2023-05-01,49153.37801123405,Paid
CL0176,2023-05-31,49153.37801123405,Missing
CL0176,2023-06-30,49153.37801123405,Missing
CL0176,2023-07-30,49153.37801123405,Paid
CL0176,2023-08-29,49153.37801123405,Missing
CL0176,2023-09-28,49153.37801123405,Missing
CL0176,2023-10-28,49153.37801123405,Paid
CL0176,2023-11-27,49153.37801123405,Missing
CL0176,2023-12-27,49153.37801123405,Paid
CL0176,2024-01-26,49153.37801123405,Paid
CL0176,2024-02-25,49153.37801123405,Paid
CL0176,2024-03-26,49153.37801123405,Paid
CL0176,2024-04-25,49153.37801123405,Paid
CL0176,2024-05-25,49153.37801123405,Paid
CL0176,2024-06-24,49153.37801123405,Paid
CL0176,2024-07-24,49153.37801123405,Paid
CL0176,2024-08-23,49153.37801123405,Missing
CL0176,2024-09-22,49153.37801123405,Paid
CL0176,2024-10-22,49153.37801123405,Paid
CL0176,2024-11-21,49153.37801123405,Paid
CL0176,2024-12-21,49153.37801123405,Paid
CL0176,2025-01-20,49153.37801123405,Paid
CL0176,2025-02-19,49153.37801123405,Paid
CL0176,2025-03-21,49153.37801123405,Paid
CL0176,2025-04-20,49153.37801123405,Paid
CL0176,2025-05-20,49153.37801123405,Missing
CL0176,2025-06-19,49153.37801123405,Paid
CL0176,2025-07-19,49153.37801123405,Paid
CL0176,2025-08-18,49153.37801123405,Paid
CL0176,2025-09-17,49153.37801123405,Paid
CL0176,2025-10-17,49153.37801123405,Paid
CL0176,2025-11-16,49153.37801123405,Paid
CL0177,2023-01-01,33431.60871575007,Paid
CL0177,2023-01-31,33431.60871575007,Paid
CL0177,2023-03-02,33431.60871575007,Missing
CL0177,2023-04-01,33431.60871575007,Paid
CL0177,2023-05-01,33431.60871575007,Paid
CL0177,2023-05-31,33431.60871575007,Paid
CL0177,2023-06-30,33431.60871575007,Paid
CL0177,2023-07-30,33431.60871575007,Paid
CL0177,2023-08-29,33431.60871575007,Paid
CL0177,2023-09-28,33431.60871575007,Missing
CL0177,2023-10-28,33431.60871575007,Paid
CL0177,2023-11-27,33431.60871575007,Paid
CL0177,2023-12-27,33431.60871575007,Paid
CL0177,2024-01-26,33431.60871575007,Paid
CL0177,2024-02-25,33431.60871575007,Paid
CL0177,2024-03-26,33431.60871575007,Paid
CL0177,2024-04-25,33431.60871575007,Paid
CL0177,2024-05-25,33431.60871575007,Paid
CL0177,2024-06-24,33431.60871575007,Paid
CL0177,2024-07-24,33431.60871575007,Paid
CL0177,2024-08-23,33431.60871575007,Paid
CL0177,2024-09-22,33431.60871575007,Paid
CL0177,2024-10-22,33431.60871575007,Paid
CL0177,2024-11-21,33431.60871575007,Paid
CL0177,2024-12-21,33431.60871575007,Paid
CL0177,2025-01-20,33431.60871575007,Missing
CL0177,2025-02-19,33431.60871575007,Paid
CL0177,2025-03-21,33431.60871575007,Paid
CL0177,2025-04-20,33431.60871575007,Paid
CL0177,2025-05-20,33431.60871575007,Paid
CL0177,2025-06-19,33431.60871575007,Paid
CL0177,2025-07-19,33431.60871575007,Paid
CL0177,2025-08-18,33431.60871575007,Paid
CL0177,2025-09-17,33431.60871575007,Paid
CL0177,2025-10-17,33431.60871575007,Paid
CL0177,2025-11-16,33431.60871575007,Paid
CL0178,2023-01-01,16691.161147887193,Paid
CL0178,2023-01-31,16691.161147887193,Paid
CL0178,2023-03-02,16691.161147887193,Paid
CL0178,2023-04-01,16691.161147887193,Paid
CL0178,2023-05-01,16691.161147887193,Paid
CL0178,2023-05-31,16691.161147887193,Paid
CL0178,2023-06-30,16691.161147887193,Paid
CL0178,2023-07-30,16691.161147887193,Paid
CL0178,2023-08-29,16691.161147887193,Paid
CL0178,2023-09-28,16691.161147887193,Paid
CL0178,2023-10-28,16691.161147887193,Paid
CL0178,2023-11-27,16691.161147887193,Paid
CL0178,2023-12-27,16691.161147887193,Missing
CL0178,2024-01-26,16691.161147887193,Paid
CL0178,2024-02-25,16691.161147887193,Paid
CL0178,2024-03-26,16691.161147887193,Paid
CL0178,2024-04-25,16691.161147887193,Paid
CL0178,2024-05-25,16691.161147887193,Paid
CL0178,2024-06-24,16691.161147887193,Missing
CL0178,2024-07-24,16691.161147887193,Paid
CL0178,2024-08-23,16691.161147887193,Paid
CL0178,2024-09-22,16691.161147887193,Paid
CL0178,2024-10-22,16691.161147887193,Paid
CL0178,2024-11-21,16691.161147887193,Paid
CL0178,2024-12-21,16691.161147887193,Paid
CL0178,2025-01-20,16691.161147887193,Paid
CL0178,2025-02-19,16691.161147887193,Paid
CL0178,2025-03-21,16691.161147887193,Paid
CL0178,2025-04-20,16691.161147887193,Paid
CL0178,2025-05-20,16691.161147887193,Paid
CL0178,2025-06-19,16691.161147887193,Paid
CL0178,2025-07-19,16691.161147887193,Paid
CL0178,2025-08-18,16691.161147887193,Paid
CL0178,2025-09-17,16691.161147887193,Paid
CL0178,2025-10-17,16691.161147887193,Paid
CL0178,2025-11-16,16691.161147887193,Paid
CL0179,2023-01-01,33530.25663948251,Paid
CL0179,2023-01-31,33530.25663948251,Paid
CL0179,2023-03-02,33530.25663948251,Paid
CL0179,2023-04-01,33530.25663948251,Paid
CL0179,2023-05-01,33530.25663948251,Paid
CL0179,2023-05-31,33530.25663948251,Paid
CL0179,2023-06-30,33530.25663948251,Paid
CL0179,2023-07-30,33530.25663948251,Paid
CL0179,2023-08-29,33530.25663948251,Paid
CL0179,2023-09-28,33530.25663948251,Paid
CL0179,2023-10-28,33530.25663948251,Paid
CL0179,2023-11-27,33530.25663948251,Paid
CL0179,2023-12-27,33530.25663948251,Paid
CL0179,2024-01-26,33530.25663948251,Paid
CL0179,2024-02-25,33530.25663948251,Paid
CL0179,2024-03-26,33530.25663948251,Paid
CL0179,2024-04-25,33530.25663948251,Paid
CL0179,2024-05-25,33530.25663948251,Paid
CL0179,2024-06-24,33530.25663948251,Paid
CL0179,2024-07-24,33530.25663948251,Paid
CL0179,2024-08-23,33530.25663948251,Paid
CL0179,2024-09-22,33530.25663948251,Paid
CL0179,2024-10-22,33530.25663948251,Paid
CL0179,2024-11-21,33530.25663948251,Paid
CL0179,2024-12-21,33530.25663948251,Paid
CL0179,2025-01-20,33530.25663948251,Paid
CL0179,2025-02-19,33530.25663948251,Paid
CL0179,2025-03-21,33530.25663948251,Paid
CL0179,2025-04-20,33530.25663948251,Paid
CL0179,2025-05-20,33530.25663948251,Paid
CL0179,2025-06-19,33530.25663948251,Paid
CL0179,2025-07-19,33530.25663948251,Paid
CL0179,2025-08-18,33530.25663948251,Paid
CL0179,2025-09-17,33530.25663948251,Paid
CL0179,2025-10-17,33530.25663948251,Paid
CL0179,2025-11-16,33530.25663948251,Paid
CL0180,2023-01-01,29299.342087213496,Paid
CL0180,2023-01-31,29299.342087213496,Paid
CL0180,2023-03-02,29299.342087213496,Paid
CL0180,2023-04-01,29299.342087213496,Paid
CL0180,2023-05-01,29299.342087213496,Paid
CL0180,2023-05-31,29299.342087213496,Paid
CL0180,2023-06-30,29299.342087213496,Paid
CL0180,2023-07-30,29299.342087213496,Paid
CL0180,2023-08-29,29299.342087213496,Paid
CL0180,2023-09-28,29299.342087213496,Paid
CL0180,2023-10-28,29299.342087213496,Paid
CL0180,2023-11-27,29299.342087213496,Paid
CL0180,2023-12-27,29299.342087213496,Paid
CL0180,2024-01-26,29299.342087213496,Paid
CL0180,2024-02-25,29299.342087213496,Paid
CL0180,2024-03-26,29299.342087213496,Paid
CL0180,2024-04-25,29299.342087213496,Paid
CL0180,2024-05-25,29299.342087213496,Paid
CL0180,2024-06-24,29299.342087213496,Paid
CL0180,2024-07-24,29299.342087213496,Paid
CL0180,2024-08-23,29299.342087213496,Paid
CL0180,2024-09-22,29299.342087213496,Missing
CL0180,2024-10-22,29299.342087213496,Missing
CL0180,2024-11-21,29299.342087213496,Paid
CL0180,2024-12-21,29299.342087213496,Paid
CL0180,2025-01-20,29299.342087213496,Paid
CL0180,2025-02-19,29299.342087213496,Paid
CL0180,2025-03-21,29299.342087213496,Paid
CL0180,2025-04-20,29299.342087213496,Missing
CL0180,2025-05-20,29299.342087213496,Paid
CL0180,2025-06-19,29299.342087213496,Paid
CL0180,2025-07-19,29299.342087213496,Missing
CL0180,2025-08-18,29299.342087213496,Paid
CL0180,2025-09-17,29299.342087213496,Paid
CL0180,2025-10-17,29299.342087213496,Paid
CL0180,2025-11-16,29299.342087213496,Paid
CL0181,2023-01-01,40093.042781801465,Missing
CL0181,2023-01-31,40093.042781801465,Paid
CL0181,2023-03-02,40093.042781801465,Paid
CL0181,2023-04-01,40093.042781801465,Paid
CL0181,2023-05-01,40093.042781801465,Missing
CL0181,2023-05-31,40093.042781801465,Paid
CL0181,2023-06-30,40093.042781801465,Paid
CL0181,2023-07-30,40093.042781801465,Paid
CL0181,2023-08-29,40093.042781801465,Missing
CL0181,2023-09-28,40093.042781801465,Paid
CL0181,2023-10-28,40093.042781801465,Paid
CL0181,2023-11-27,40093.042781801465,Paid
CL0181,2023-12-27,40093.042781801465,Paid
CL0181,2024-01-26,40093.042781801465,Paid
CL0181,2024-02-25,40093.042781801465,Paid
CL0181,2024-03-26,40093.042781801465,Paid
CL0181,2024-04-25,40093.042781801465,Paid
CL0181,2024-05-25,40093.042781801465,Paid
CL0181,2024-06-24,40093.042781801465,Missing
CL0181,2024-07-24,40093.042781801465,Paid
CL0181,2024-08-23,40093.042781801465,Paid
CL0181,2024-09-22,40093.042781801465,Paid
CL0181,2024-10-22,40093.042781801465,Paid
CL0181,2024-11-21,40093.042781801465,Paid
CL0181,2024-12-21,40093.042781801465,Paid
CL0181,2025-01-20,40093.042781801465,Missing
CL0181,2025-02-19,40093.042781801465,Paid
CL0181,2025-03-21,40093.042781801465,Missing
CL0181,2025-04-20,40093.042781801465,Paid
CL0181,2025-05-20,40093.042781801465,Paid
CL0181,2025-06-19,40093.042781801465,Paid
CL0181,2025-07-19,40093.042781801465,Paid
CL0181,2025-08-18,40093.042781801465,Paid
CL0181,2025-09-17,40093.042781801465,Missing
CL0181,2025-10-17,40093.042781801465,Paid
CL0181,2025-11-16,40093.042781801465,Paid
CL0182,2023-01-01,9814.128747213128,Paid
CL0182,2023-01-31,9814.128747213128,Paid
CL0182,2023-03-02,9814.128747213128,Paid
CL0182,2023-04-01,9814.128747213128,Paid
CL0182,2023-05-01,9814.128747213128,Paid
CL0182,2023-05-31,9814.128747213128,Paid
CL0182,2023-06-30,9814.128747213128,Paid
CL0182,2023-07-30,9814.128747213128,Paid
CL0182,2023-08-29,9814.128747213128,Paid
CL0182,2023-09-28,9814.128747213128,Paid
CL0182,2023-10-28,9814.128747213128,Paid
CL0182,2023-11-27,9814.128747213128,Paid
CL0182,2023-12-27,9814.128747213128,Paid
CL0182,2024-01-26,9814.128747213128,Missing
CL0182,2024-02-25,9814.128747213128,Missing
CL0182,2024-03-26,9814.128747213128,Paid
CL0182,2024-04-25,9814.128747213128,Paid
CL0182,2024-05-25,9814.128747213128,Paid
CL0182,2024-06-24,9814.128747213128,Paid
CL0182,2024-07-24,9814.128747213128,Paid
CL0182,2024-08-23,9814.128747213128,Paid
CL0182,2024-09-22,9814.128747213128,Paid
CL0182,2024-10-22,9814.128747213128,Paid
CL0182,2024-11-21,9814.128747213128,Paid
CL0182,2024-12-21,9814.128747213128,Paid
CL0182,2025-01-20,9814.128747213128,Paid
CL0182,2025-02-19,9814.128747213128,Paid
CL0182,2025-03-21,9814.128747213128,Missing
CL0182,2025-04-20,9814.128747213128,Paid
CL0182,2025-05-20,9814.128747213128,Paid
CL0182,2025-06-19,9814.128747213128,Paid
CL0182,2025-07-19,9814.128747213128,Paid
CL0182,2025-08-18,9814.128747213128,Paid
CL0182,2025-09-17,9814.128747213128,Paid
CL0182,2025-10-17,9814.128747213128,Paid
CL0182,2025-11-16,9814.128747213128,Paid
CL0183,2023-01-01,39246.25561259126,Paid
CL0183,2023-01-31,39246.25561259126,Paid
CL0183,2023-03-02,39246.25561259126,Paid
CL0183,2023-04-01,39246.25561259126,Paid
CL0183,2023-05-01,39246.25561259126,Paid
CL0183,2023-05-31,39246.25561259126,Paid
CL0183,2023-06-30,39246.25561259126,Missing
CL0183,2023-07-30,39246.25561259126,Paid
CL0183,2023-08-29,39246.25561259126,Paid
CL0183,2023-09-28,39246.25561259126,Paid
CL0183,2023-10-28,39246.25561259126,Paid
CL0183,2023-11-27,39246.25561259126,Paid
CL0183,2023-12-27,39246.25561259126,Paid
CL0183,2024-01-26,39246.25561259126,Paid
CL0183,2024-02-25,39246.25561259126,Paid
CL0183,2024-03-26,39246.25561259126,Paid
CL0183,2024-04-25,39246.25561259126,Paid
CL0183,2024-05-25,39246.25561259126,Paid
CL0183,2024-06-24,39246.25561259126,Paid
CL0183,2024-07-24,39246.25561259126,Missing
CL0183,2024-08-23,39246.25561259126,Missing
CL0183,2024-09-22,39246.25561259126,Paid
CL0183,2024-10-22,39246.25561259126,Paid
CL0183,2024-11-21,39246.25561259126,Paid
CL0183,2024-12-21,39246.25561259126,Missing
CL0183,2025-01-20,39246.25561259126,Paid
CL0183,2025-02-19,39246.25561259126,Paid
CL0183,2025-03-21,39246.25561259126,Paid
CL0183,2025-04-20,39246.25561259126,Paid
CL0183,2025-05-20,39246.25561259126,Paid
CL0183,2025-06-19,39246.25561259126,Paid
CL0183,2025-07-19,39246.25561259126,Paid
CL0183,2025-08-18,39246.25561259126,Paid
CL0183,2025-09-17,39246.25561259126,Paid
CL0183,2025-10-17,39246.25561259126,Paid
CL0183,2025-11-16,39246.25561259126,Paid
CL0184,2023-01-01,29356.99604042496,Paid
CL0184,2023-01-31,29356.99604042496,Paid
CL0184,2023-03-02,29356.99604042496,Paid
CL0184,2023-04-01,29356.99604042496,Paid
CL0184,2023-05-01,29356.99604042496,Missing
CL0184,2023-05-31,29356.99604042496,Paid
CL0184,2023-06-30,29356.99604042496,Paid
CL0184,2023-07-30,29356.99604042496,Paid
CL0184,2023-08-29,29356.99604042496,Paid
CL0184,2023-09-28,29356.99604042496,Paid
CL0184,2023-10-28,29356.99604042496,Paid
CL0184,2023-11-27,29356.99604042496,Paid
CL0184,2023-12-27,29356.99604042496,Paid
CL0184,2024-01-26,29356.99604042496,Paid
CL0184,2024-02-25,29356.99604042496,Paid
CL0184,2024-03-26,29356.99604042496,Paid
CL0184,2024-04-25,29356.99604042496,Paid
CL0184,2024-05-25,29356.99604042496,Paid
CL0184,2024-06-24,29356.99604042496,Paid
CL0184,2024-07-24,29356.99604042496,Paid
CL0184,2024-08-23,29356.99604042496,Missing
CL0184,2024-09-22,29356.99604042496,Paid
CL0184,2024-10-22,29356.99604042496,Paid
CL0184,2024-11-21,29356.99604042496,Paid
CL0184,2024-12-21,29356.99604042496,Paid
CL0184,2025-01-20,29356.99604042496,Paid
CL0184,2025-02-19,29356.99604042496,Paid
CL0184,2025-03-21,29356.99604042496,Paid
CL0184,2025-04-20,29356.99604042496,Paid
CL0184,2025-05-20,29356.99604042496,Paid
CL0184,2025-06-19,29356.99604042496,Paid
CL0184,2025-07-19,29356.99604042496,Paid
CL0184,2025-08-18,29356.99604042496,Paid
CL0184,2025-09-17,29356.99604042496,Paid
CL0184,2025-10-17,29356.99604042496,Paid
CL0184,2025-11-16,29356.99604042496,Paid
CL0185,2023-01-01,48334.64017365476,Paid
CL0185,2023-01-31,48334.64017365476,Paid
CL0185,2023-03-02,48334.64017365476,Paid
CL0185,2023-04-01,48334.64017365476,Paid
CL0185,2023-05-01,48334.64017365476,Paid
CL0185,2023-05-31,48334.64017365476,Paid
CL0185,2023-06-30,48334.64017365476,Paid
CL0185,2023-07-30,48334.64017365476,Paid
CL0185,2023-08-29,48334.64017365476,Paid
CL0185,2023-09-28,48334.64017365476,Paid
CL0185,2023-10-28,48334.64017365476,Paid
CL0185,2023-11-27,48334.64017365476,Paid
CL0185,2023-12-27,48334.64017365476,Paid
CL0185,2024-01-26,48334.64017365476,Missing
CL0185,2024-02-25,48334.64017365476,Paid
CL0185,2024-03-26,48334.64017365476,Paid
CL0185,2024-04-25,48334.64017365476,Paid
CL0185,2024-05-25,48334.64017365476,Paid
CL0185,2024-06-24,48334.64017365476,Paid
CL0185,2024-07-24,48334.64017365476,Missing
CL0185,2024-08-23,48334.64017365476,Paid
CL0185,2024-09-22,48334.64017365476,Paid
CL0185,2024-10-22,48334.64017365476,Paid
CL0185,2024-11-21,48334.64017365476,Missing
CL0185,2024-12-21,48334.64017365476,Paid
CL0185,2025-01-20,48334.64017365476,Paid
CL0185,2025-02-19,48334.64017365476,Paid
CL0185,2025-03-21,48334.64017365476,Paid
CL0185,2025-04-20,48334.64017365476,Paid
CL0185,2025-05-20,48334.64017365476,Paid
CL0185,2025-06-19,48334.64017365476,Paid
CL0185,2025-07-19,48334.64017365476,Paid
CL0185,2025-08-18,48334.64017365476,Paid
CL0185,2025-09-17,48334.64017365476,Paid
CL0185,2025-10-17,48334.64017365476,Paid
CL0185,2025-11-16,48334.64017365476,Paid
CL0186,2023-01-01,20384.247471740877,Paid
CL0186,2023-01-31,20384.247471740877,Paid
CL0186,2023-03-02,20384.247471740877,Paid
CL0186,2023-04-01,20384.247471740877,Paid
CL0186,2023-05-01,20384.247471740877,Paid
CL0186,2023-05-31,20384.247471740877,Missing
CL0186,2023-06-30,20384.247471740877,Paid
CL0186,2023-07-30,20384.247471740877,Missing
CL0186,2023-08-29,20384.247471740877,Paid
CL0186,2023-09-28,20384.247471740877,Paid
CL0186,2023-10-28,20384.247471740877,Paid
CL0186,2023-11-27,20384.247471740877,Paid
CL0186,2023-12-27,20384.247471740877,Paid
CL0186,2024-01-26,20384.247471740877,Missing
CL0186,2024-02-25,20384.247471740877,Paid
CL0186,2024-03-26,20384.247471740877,Paid
CL0186,2024-04-25,20384.247471740877,Paid
CL0186,2024-05-25,20384.247471740877,Paid
CL0186,2024-06-24,20384.247471740877,Paid
CL0186,2024-07-24,20384.247471740877,Paid
CL0186,2024-08-23,20384.247471740877,Paid
CL0186,2024-09-22,20384.247471740877,Paid
CL0186,2024-10-22,20384.247471740877,Paid
CL0186,2024-11-21,20384.247471740877,Paid
CL0186,2024-12-21,20384.247471740877,Paid
CL0186,2025-01-20,20384.247471740877,Paid
CL0186,2025-02-19,20384.247471740877,Paid
CL0186,2025-03-21,20384.247471740877,Paid
CL0186,2025-04-20,20384.247471740877,Missing
CL0186,2025-05-20,20384.247471740877,Missing
CL0186,2025-06-19,20384.247471740877,Paid
CL0186,2025-07-19,20384.247471740877,Paid
CL0186,2025-08-18,20384.247471740877,Missing
CL0186,2025-09-17,20384.247471740877,Paid
CL0186,2025-10-17,20384.247471740877,Paid
CL0186,2025-11-16,20384.247471740877,Paid
CL0187,2023-01-01,33467.98519102766,Paid
CL0187,2023-01-31,33467.98519102766,Paid
CL0187,2023-03-02,33467.98519102766,Paid
CL0187,2023-04-01,33467.98519102766,Paid
CL0187,2023-05-01,33467.98519102766,Paid
CL0187,2023-05-31,33467.98519102766,Paid
CL0187,2023-06-30,33467.98519102766,Paid
CL0187,2023-07-30,33467.98519102766,Paid
CL0187,2023-08-29,33467.98519102766,Paid
CL0187,2023-09-28,33467.98519102766,Paid
CL0187,2023-10-28,33467.98519102766,Missing
CL0187,2023-11-27,33467.98519102766,Paid
CL0187,2023-12-27,33467.98519102766,Missing
CL0187,2024-01-26,33467.98519102766,Paid
CL0187,2024-02-25,33467.98519102766,Paid
CL0187,2024-03-26,33467.98519102766,Paid
CL0187,2024-04-25,33467.98519102766,Paid
CL0187,2024-05-25,33467.98519102766,Paid
CL0187,2024-06-24,33467.98519102766,Paid
CL0187,2024-07-24,33467.98519102766,Paid
CL0187,2024-08-23,33467.98519102766,Paid
CL0187,2024-09-22,33467.98519102766,Paid
CL0187,2024-10-22,33467.98519102766,Paid
CL0187,2024-11-21,33467.98519102766,Paid
CL0187,2024-12-21,33467.98519102766,Paid
CL0187,2025-01-20,33467.98519102766,Paid
CL0187,2025-02-19,33467.98519102766,Paid
CL0187,2025-03-21,33467.98519102766,Paid
CL0187,2025-04-20,33467.98519102766,Paid
CL0187,2025-05-20,33467.98519102766,Paid
CL0187,2025-06-19,33467.98519102766,Paid
CL0187,2025-07-19,33467.98519102766,Paid
CL0187,2025-08-18,33467.98519102766,Paid
CL0187,2025-09-17,33467.98519102766,Paid
CL0187,2025-10-17,33467.98519102766,Paid
CL0187,2025-11-16,33467.98519102766,Missing
CL0188,2023-01-01,46941.26474795079,Paid
CL0188,2023-01-31,46941.26474795079,Paid
CL0188,2023-03-02,46941.26474795079,Missing
CL0188,2023-04-01,46941.26474795079,Paid
CL0188,2023-05-01,46941.26474795079,Paid
CL0188,2023-05-31,46941.26474795079,Paid
CL0188,2023-06-30,46941.26474795079,Missing
CL0188,2023-07-30,46941.26474795079,Paid
CL0188,2023-08-29,46941.26474795079,Paid
CL0188,2023-09-28,46941.26474795079,Paid
CL0188,2023-10-28,46941.26474795079,Paid
CL0188,2023-11-27,46941.26474795079,Paid
CL0188,2023-12-27,46941.26474795079,Paid
CL0188,2024-01-26,46941.26474795079,Paid
CL0188,2024-02-25,46941.26474795079,Paid
CL0188,2024-03-26,46941.26474795079,Paid
CL0188,2024-04-25,46941.26474795079,Paid
CL0188,2024-05-25,46941.26474795079,Paid
CL0188,2024-06-24,46941.26474795079,Paid
CL0188,2024-07-24,46941.26474795079,Paid
CL0188,2024-08-23,46941.26474795079,Paid
CL0188,2024-09-22,46941.26474795079,Paid
CL0188,2024-10-22,46941.26474795079,Missing
CL0188,2024-11-21,46941.26474795079,Paid
CL0188,2024-12-21,46941.26474795079,Paid
CL0188,2025-01-20,46941.26474795079,Paid
CL0188,2025-02-19,46941.26474795079,Paid
CL0188,2025-03-21,46941.26474795079,Paid
CL0188,2025-04-20,46941.26474795079,Paid
CL0188,2025-05-20,46941.26474795079,Paid
CL0188,2025-06-19,46941.26474795079,Paid
CL0188,2025-07-19,46941.26474795079,Paid
CL0188,2025-08-18,46941.26474795079,Paid
CL0188,2025-09-17,46941.26474795079,Paid
CL0188,2025-10-17,46941.26474795079,Paid
CL0188,2025-11-16,46941.26474795079,Paid
CL0189,2023-01-01,9612.937759580567,Paid
CL0189,2023-01-31,9612.937759580567,Paid
CL0189,2023-03-02,9612.937759580567,Paid
CL0189,2023-04-01,9612.937759580567,Paid
CL0189,2023-05-01,9612.937759580567,Missing
CL0189,2023-05-31,9612.937759580567,Missing
CL0189,2023-06-30,9612.937759580567,Paid
CL0189,2023-07-30,9612.937759580567,Paid
CL0189,2023-08-29,9612.937759580567,Paid
CL0189,2023-09-28,9612.937759580567,Paid
CL0189,2023-10-28,9612.937759580567,Paid
CL0189,2023-11-27,9612.937759580567,Missing
CL0189,2023-12-27,9612.937759580567,Paid
CL0189,2024-01-26,9612.937759580567,Missing
CL0189,2024-02-25,9612.937759580567,Paid
CL0189,2024-03-26,9612.937759580567,Paid
CL0189,2024-04-25,9612.937759580567,Missing
CL0189,2024-05-25,9612.937759580567,Paid
CL0189,2024-06-24,9612.937759580567,Paid
CL0189,2024-07-24,9612.937759580567,Paid
CL0189,2024-08-23,9612.937759580567,Paid
CL0189,2024-09-22,9612.937759580567,Paid
CL0189,2024-10-22,9612.937759580567,Paid
CL0189,2024-11-21,9612.937759580567,Paid
CL0189,2024-12-21,9612.937759580567,Paid
CL0189,2025-01-20,9612.937759580567,Paid
CL0189,2025-02-19,9612.937759580567,Paid
CL0189,2025-03-21,9612.937759580567,Paid
CL0189,2025-04-20,9612.937759580567,Paid
CL0189,2025-05-20,9612.937759580567,Paid
CL0189,2025-06-19,9612.937759580567,Paid
CL0189,2025-07-19,9612.937759580567,Missing
CL0189,2025-08-18,9612.937759580567,Paid
CL0189,2025-09-17,9612.937759580567,Paid
CL0189,2025-10-17,9612.937759580567,Paid
CL0189,2025-11-16,9612.937759580567,Paid
CL0190,2023-01-01,47175.2819256403,Paid
CL0190,2023-01-31,47175.2819256403,Missing
CL0190,2023-03-02,47175.2819256403,Paid
CL0190,2023-04-01,47175.2819256403,Paid
CL0190,2023-05-01,47175.2819256403,Paid
CL0190,2023-05-31,47175.2819256403,Paid
CL0190,2023-06-30,47175.2819256403,Paid
CL0190,2023-07-30,47175.2819256403,Paid
CL0190,2023-08-29,47175.2819256403,Paid
CL0190,2023-09-28,47175.2819256403,Paid
CL0190,2023-10-28,47175.2819256403,Paid
CL0190,2023-11-27,47175.2819256403,Paid
CL0190,2023-12-27,47175.2819256403,Paid
CL0190,2024-01-26,47175.2819256403,Missing
CL0190,2024-02-25,47175.2819256403,Paid
CL0190,2024-03-26,47175.2819256403,Paid
CL0190,2024-04-25,47175.2819256403,Missing
CL0190,2024-05-25,47175.2819256403,Paid
CL0190,2024-06-24,47175.2819256403,Paid
CL0190,2024-07-24,47175.2819256403,Missing
CL0190,2024-08-23,47175.2819256403,Paid
CL0190,2024-09-22,47175.2819256403,Paid
CL0190,2024-10-22,47175.2819256403,Paid
CL0190,2024-11-21,47175.2819256403,Paid
CL0190,2024-12-21,47175.2819256403,Paid
CL0190,2025-01-20,47175.2819256403,Paid
CL0190,2025-02-19,47175.2819256403,Paid
CL0190,2025-03-21,47175.2819256403,Missing
CL0190,2025-04-20,47175.2819256403,Paid
CL0190,2025-05-20,47175.2819256403,Paid
CL0190,2025-06-19,47175.2819256403,Paid
CL0190,2025-07-19,47175.2819256403,Paid
CL0190,2025-08-18,47175.2819256403,Paid
CL0190,2025-09-17,47175.2819256403,Paid
CL0190,2025-10-17,47175.2819256403,Missing
CL0190,2025-11-16,47175.2819256403,Paid
CL0191,2023-01-01,35954.8575035366,Missing
CL0191,2023-01-31,35954.8575035366,Paid
CL0191,2023-03-02,35954.8575035366,Paid
CL0191,2023-04-01,35954.8575035366,Missing
CL0191,2023-05-01,35954.8575035366,Paid
CL0191,2023-05-31,35954.8575035366,Paid
CL0191,2023-06-30,35954.8575035366,Paid
CL0191,2023-07-30,35954.8575035366,Paid
CL0191,2023-08-29,35954.8575035366,Paid
CL0191,2023-09-28,35954.8575035366,Missing
CL0191,2023-10-28,35954.8575035366,Paid
CL0191,2023-11-27,35954.8575035366,Paid
CL0191,2023-12-27,35954.8575035366,Paid
CL0191,2024-01-26,35954.8575035366,Paid
CL0191,2024-02-25,35954.8575035366,Missing
CL0191,2024-03-26,35954.8575035366,Paid
CL0191,2024-04-25,35954.8575035366,Paid
CL0191,2024-05-25,35954.8575035366,Paid
CL0191,2024-06-24,35954.8575035366,Paid
CL0191,2024-07-24,35954.8575035366,Paid
CL0191,2024-08-23,35954.8575035366,Paid
CL0191,2024-09-22,35954.8575035366,Paid
CL0191,2024-10-22,35954.8575035366,Paid
CL0191,2024-11-21,35954.8575035366,Paid
CL0191,2024-12-21,35954.8575035366,Missing
CL0191,2025-01-20,35954.8575035366,Missing
CL0191,2025-02-19,35954.8575035366,Missing
CL0191,2025-03-21,35954.8575035366,Paid
CL0191,2025-04-20,35954.8575035366,Paid
CL0191,2025-05-20,35954.8575035366,Paid
CL0191,2025-06-19,35954.8575035366,Paid
CL0191,2025-07-19,35954.8575035366,Missing
CL0191,2025-08-18,35954.8575035366,Paid
CL0191,2025-09-17,35954.8575035366,Paid
CL0191,2025-10-17,35954.8575035366,Paid
CL0191,2025-11-16,35954.8575035366,Paid
CL0192,2023-01-01,8052.667659732735,Paid
CL0192,2023-01-31,8052.667659732735,Paid
CL0192,2023-03-02,8052.667659732735,Paid
CL0192,2023-04-01,8052.667659732735,Paid
CL0192,2023-05-01,8052.667659732735,Paid
CL0192,2023-05-31,8052.667659732735,Paid
CL0192,2023-06-30,8052.667659732735,Paid
CL0192,2023-07-30,8052.667659732735,Paid
CL0192,2023-08-29,8052.667659732735,Paid
CL0192,2023-09-28,8052.667659732735,Paid
CL0192,2023-10-28,8052.667659732735,Paid
CL0192,2023-11-27,8052.667659732735,Paid
CL0192,2023-12-27,8052.667659732735,Paid
CL0192,2024-01-26,8052.667659732735,Paid
CL0192,2024-02-25,8052.667659732735,Paid
CL0192,2024-03-26,8052.667659732735,Paid
CL0192,2024-04-25,8052.667659732735,Paid
CL0192,2024-05-25,8052.667659732735,Missing
CL0192,2024-06-24,8052.667659732735,Paid
CL0192,2024-07-24,8052.667659732735,Paid
CL0192,2024-08-23,8052.667659732735,Missing
CL0192,2024-09-22,8052.667659732735,Paid
CL0192,2024-10-22,8052.667659732735,Paid
CL0192,2024-11-21,8052.667659732735,Paid
CL0192,2024-12-21,8052.667659732735,Paid
CL0192,2025-01-20,8052.667659732735,Paid
CL0192,2025-02-19,8052.667659732735,Paid
CL0192,2025-03-21,8052.667659732735,Paid
CL0192,2025-04-20,8052.667659732735,Paid
CL0192,2025-05-20,8052.667659732735,Paid
CL0192,2025-06-19,8052.667659732735,Missing
CL0192,2025-07-19,8052.667659732735,Paid
CL0192,2025-08-18,8052.667659732735,Paid
CL0192,2025-09-17,8052.667659732735,Paid
CL0192,2025-10-17,8052.667659732735,Paid
CL0192,2025-11-16,8052.667659732735,Paid
CL0193,2023-01-01,18543.36051260673,Paid
CL0193,2023-01-31,18543.36051260673,Paid
CL0193,2023-03-02,18543.36051260673,Missing
CL0193,2023-04-01,18543.36051260673,Paid
CL0193,2023-05-01,18543.36051260673,Paid
CL0193,2023-05-31,18543.36051260673,Paid
CL0193,2023-06-30,18543.36051260673,Paid
CL0193,2023-07-30,18543.36051260673,Paid
CL0193,2023-08-29,18543.36051260673,Paid
CL0193,2023-09-28,18543.36051260673,Missing
CL0193,2023-10-28,18543.36051260673,Paid
CL0193,2023-11-27,18543.36051260673,Paid
CL0193,2023-12-27,18543.36051260673,Paid
CL0193,2024-01-26,18543.36051260673,Missing
CL0193,2024-02-25,18543.36051260673,Paid
CL0193,2024-03-26,18543.36051260673,Paid
CL0193,2024-04-25,18543.36051260673,Paid
CL0193,2024-05-25,18543.36051260673,Paid
CL0193,2024-06-24,18543.36051260673,Missing
CL0193,2024-07-24,18543.36051260673,Paid
CL0193,2024-08-23,18543.36051260673,Missing
CL0193,2024-09-22,18543.36051260673,Paid
CL0193,2024-10-22,18543.36051260673,Paid
CL0193,2024-11-21,18543.36051260673,Paid
CL0193,2024-12-21,18543.36051260673,Paid
CL0193,2025-01-20,18543.36051260673,Paid
CL0193,2025-02-19,18543.36051260673,Paid
CL0193,2025-03-21,18543.36051260673,Paid
CL0193,2025-04-20,18543.36051260673,Paid
CL0193,2025-05-20,18543.36051260673,Paid
CL0193,2025-06-19,18543.36051260673,Paid
CL0193,2025-07-19,18543.36051260673,Paid
CL0193,2025-08-18,18543.36051260673,Paid
CL0193,2025-09-17,18543.36051260673,Paid
CL0193,2025-10-17,18543.36051260673,Paid
CL0193,2025-11-16,18543.36051260673,Paid
CL0194,2023-01-01,36867.74398903767,Paid
CL0194,2023-01-31,36867.74398903767,Paid
CL0194,2023-03-02,36867.74398903767,Paid
CL0194,2023-04-01,36867.74398903767,Paid
CL0194,2023-05-01,36867.74398903767,Paid
CL0194,2023-05-31,36867.74398903767,Paid
CL0194,2023-06-30,36867.74398903767,Paid
CL0194,2023-07-30,36867.74398903767,Paid
CL0194,2023-08-29,36867.74398903767,Missing
CL0194,2023-09-28,36867.74398903767,Paid
CL0194,2023-10-28,36867.74398903767,Paid
CL0194,2023-11-27,36867.74398903767,Missing
CL0194,2023-12-27,36867.74398903767,Paid
CL0194,2024-01-26,36867.74398903767,Paid
CL0194,2024-02-25,36867.74398903767,Paid
CL0194,2024-03-26,36867.74398903767,Paid
CL0194,2024-04-25,36867.74398903767,Paid
CL0194,2024-05-25,36867.74398903767,Paid
CL0194,2024-06-24,36867.74398903767,Paid
CL0194,2024-07-24,36867.74398903767,Paid
CL0194,2024-08-23,36867.74398903767,Paid
CL0194,2024-09-22,36867.74398903767,Paid
CL0194,2024-10-22,36867.74398903767,Missing
CL0194,2024-11-21,36867.74398903767,Paid
CL0194,2024-12-21,36867.74398903767,Paid
CL0194,2025-01-20,36867.74398903767,Paid
CL0194,2025-02-19,36867.74398903767,Missing
CL0194,2025-03-21,36867.74398903767,Paid
CL0194,2025-04-20,36867.74398903767,Paid
CL0194,2025-05-20,36867.74398903767,Paid
CL0194,2025-06-19,36867.74398903767,Paid
CL0194,2025-07-19,36867.74398903767,Paid
CL0194,2025-08-18,36867.74398903767,Paid
CL0194,2025-09-17,36867.74398903767,Paid
CL0194,2025-10-17,36867.74398903767,Paid
CL0194,2025-11-16,36867.74398903767,Paid
CL0195,2023-01-01,8030.777066094726,Paid
CL0195,2023-01-31,8030.777066094726,Paid
CL0195,2023-03-02,8030.777066094726,Paid
CL0195,2023-04-01,8030.777066094726,Paid
CL0195,2023-05-01,8030.777066094726,Paid
CL0195,2023-05-31,8030.777066094726,Paid
CL0195,2023-06-30,8030.777066094726,Paid
CL0195,2023-07-30,8030.777066094726,Paid
CL0195,2023-08-29,8030.777066094726,Paid
CL0195,2023-09-28,8030.777066094726,Paid
CL0195,2023-10-28,8030.777066094726,Paid
CL0195,2023-11-27,8030.777066094726,Paid
CL0195,2023-12-27,8030.777066094726,Paid
CL0195,2024-01-26,8030.777066094726,Paid
CL0195,2024-02-25,8030.777066094726,Paid
CL0195,2024-03-26,8030.777066094726,Missing
CL0195,2024-04-25,8030.777066094726,Paid
CL0195,2024-05-25,8030.777066094726,Paid
CL0195,2024-06-24,8030.777066094726,Paid
CL0195,2024-07-24,8030.777066094726,Paid
CL0195,2024-08-23,8030.777066094726,Paid
CL0195,2024-09-22,8030.777066094726,Paid
CL0195,2024-10-22,8030.777066094726,Paid
CL0195,2024-11-21,8030.777066094726,Paid
CL0195,2024-12-21,8030.777066094726,Paid
CL0195,2025-01-20,8030.777066094726,Paid
CL0195,2025-02-19,8030.777066094726,Paid
CL0195,2025-03-21,8030.777066094726,Paid
CL0195,2025-04-20,8030.777066094726,Paid
CL0195,2025-05-20,8030.777066094726,Paid
CL0195,2025-06-19,8030.777066094726,Paid
CL0195,2025-07-19,8030.777066094726,Paid
CL0195,2025-08-18,8030.777066094726,Paid
CL0195,2025-09-17,8030.777066094726,Paid
CL0195,2025-10-17,8030.777066094726,Paid
CL0195,2025-11-16,8030.777066094726,Paid
CL0196,2023-01-01,31197.6707079323,Paid
CL0196,2023-01-31,31197.6707079323,Paid
CL0196,2023-03-02,31197.6707079323,Paid
CL0196,2023-04-01,31197.6707079323,Paid
CL0196,2023-05-01,31197.6707079323,Paid
CL0196,2023-05-31,31197.6707079323,Paid
CL0196,2023-06-30,31197.6707079323,Paid
CL0196,2023-07-30,31197.6707079323,Paid
CL0196,2023-08-29,31197.6707079323,Paid
CL0196,2023-09-28,31197.6707079323,Paid
CL0196,2023-10-28,31197.6707079323,Missing
CL0196,2023-11-27,31197.6707079323,Paid
CL0196,2023-12-27,31197.6707079323,Paid
CL0196,2024-01-26,31197.6707079323,Missing
CL0196,2024-02-25,31197.6707079323,Missing
CL0196,2024-03-26,31197.6707079323,Paid
CL0196,2024-04-25,31197.6707079323,Paid
CL0196,2024-05-25,31197.6707079323,Paid
CL0196,2024-06-24,31197.6707079323,Paid
CL0196,2024-07-24,31197.6707079323,Paid
CL0196,2024-08-23,31197.6707079323,Paid
CL0196,2024-09-22,31197.6707079323,Missing
CL0196,2024-10-22,31197.6707079323,Paid
CL0196,2024-11-21,31197.6707079323,Paid
CL0196,2024-12-21,31197.6707079323,Missing
CL0196,2025-01-20,31197.6707079323,Paid
CL0196,2025-02-19,31197.6707079323,Paid
CL0196,2025-03-21,31197.6707079323,Paid
CL0196,2025-04-20,31197.6707079323,Paid
CL0196,2025-05-20,31197.6707079323,Paid
CL0196,2025-06-19,31197.6707079323,Paid
CL0196,2025-07-19,31197.6707079323,Paid
CL0196,2025-08-18,31197.6707079323,Paid
CL0196,2025-09-17,31197.6707079323,Paid
CL0196,2025-10-17,31197.6707079323,Paid
CL0196,2025-11-16,31197.6707079323,Paid
CL0197,2023-01-01,20564.73756288305,Paid
CL0197,2023-01-31,20564.73756288305,Paid
CL0197,2023-03-02,20564.73756288305,Paid
CL0197,2023-04-01,20564.73756288305,Paid
CL0197,2023-05-01,20564.73756288305,Paid
CL0197,2023-05-31,20564.73756288305,Paid
CL0197,2023-06-30,20564.73756288305,Paid
CL0197,2023-07-30,20564.73756288305,Paid
CL0197,2023-08-29,20564.73756288305,Paid
CL0197,2023-09-28,20564.73756288305,Paid
CL0197,2023-10-28,20564.73756288305,Paid
CL0197,2023-11-27,20564.73756288305,Paid
CL0197,2023-12-27,20564.73756288305,Paid
CL0197,2024-01-26,20564.73756288305,Paid
CL0197,2024-02-25,20564.73756288305,Paid
CL0197,2024-03-26,20564.73756288305,Paid
CL0197,2024-04-25,20564.73756288305,Paid
CL0197,2024-05-25,20564.73756288305,Paid
CL0197,2024-06-24,20564.73756288305,Paid
CL0197,2024-07-24,20564.73756288305,Paid
CL0197,2024-08-23,20564.73756288305,Paid
CL0197,2024-09-22,20564.73756288305,Paid
CL0197,2024-10-22,20564.73756288305,Paid
CL0197,2024-11-21,20564.73756288305,Missing
CL0197,2024-12-21,20564.73756288305,Paid
CL0197,2025-01-20,20564.73756288305,Paid
CL0197,2025-02-19,20564.73756288305,Missing
CL0197,2025-03-21,20564.73756288305,Paid
CL0197,2025-04-20,20564.73756288305,Paid
CL0197,2025-05-20,20564.73756288305,Missing
CL0197,2025-06-19,20564.73756288305,Paid
CL0197,2025-07-19,20564.73756288305,Paid
CL0197,2025-08-18,20564.73756288305,Paid
CL0197,2025-09-17,20564.73756288305,Paid
CL0197,2025-10-17,20564.73756288305,Paid
CL0197,2025-11-16,20564.73756288305,Paid
CL0198,2023-01-01,32941.19829953647,Paid
CL0198,2023-01-31,32941.19829953647,Paid
CL0198,2023-03-02,32941.19829953647,Paid
CL0198,2023-04-01,32941.19829953647,Paid
CL0198,2023-05-01,32941.19829953647,Paid
CL0198,2023-05-31,32941.19829953647,Paid
CL0198,2023-06-30,32941.19829953647,Paid
CL0198,2023-07-30,32941.19829953647,Paid
CL0198,2023-08-29,32941.19829953647,Paid
CL0198,2023-09-28,32941.19829953647,Paid
CL0198,2023-10-28,32941.19829953647,Paid
CL0198,2023-11-27,32941.19829953647,Missing
CL0198,2023-12-27,32941.19829953647,Paid
CL0198,2024-01-26,32941.19829953647,Paid
CL0198,2024-02-25,32941.19829953647,Paid
CL0198,2024-03-26,32941.19829953647,Paid
CL0198,2024-04-25,32941.19829953647,Paid
CL0198,2024-05-25,32941.19829953647,Paid
CL0198,2024-06-24,32941.19829953647,Paid
CL0198,2024-07-24,32941.19829953647,Paid
CL0198,2024-08-23,32941.19829953647,Paid
CL0198,2024-09-22,32941.19829953647,Paid
CL0198,2024-10-22,32941.19829953647,Paid
CL0198,2024-11-21,32941.19829953647,Paid
CL0198,2024-12-21,32941.19829953647,Paid
CL0198,2025-01-20,32941.19829953647,Paid
CL0198,2025-02-19,32941.19829953647,Paid
CL0198,2025-03-21,32941.19829953647,Paid
CL0198,2025-04-20,32941.19829953647,Paid
CL0198,2025-05-20,32941.19829953647,Paid
CL0198,2025-06-19,32941.19829953647,Paid
CL0198,2025-07-19,32941.19829953647,Paid
CL0198,2025-08-18,32941.19829953647,Paid
CL0198,2025-09-17,32941.19829953647,Paid
CL0198,2025-10-17,32941.19829953647,Paid
CL0198,2025-11-16,32941.19829953647,Missing
CL0199,2023-01-01,7058.391521563079,Missing
CL0199,2023-01-31,7058.391521563079,Paid
CL0199,2023-03-02,7058.391521563079,Paid
CL0199,2023-04-01,7058.391521563079,Paid
CL0199,2023-05-01,7058.391521563079,Paid
CL0199,2023-05-31,7058.391521563079,Paid
CL0199,2023-06-30,7058.391521563079,Paid
CL0199,2023-07-30,7058.391521563079,Paid
CL0199,2023-08-29,7058.391521563079,Paid
CL0199,2023-09-28,7058.391521563079,Missing
CL0199,2023-10-28,7058.391521563079,Paid
CL0199,2023-11-27,7058.391521563079,Paid
CL0199,2023-12-27,7058.391521563079,Paid
CL0199,2024-01-26,7058.391521563079,Paid
CL0199,2024-02-25,7058.391521563079,Paid
CL0199,2024-03-26,7058.391521563079,Paid
CL0199,2024-04-25,7058.391521563079,Paid
CL0199,2024-05-25,7058.391521563079,Missing
CL0199,2024-06-24,7058.391521563079,Paid
CL0199,2024-07-24,7058.391521563079,Paid
CL0199,2024-08-23,7058.391521563079,Paid
CL0199,2024-09-22,7058.391521563079,Missing
CL0199,2024-10-22,7058.391521563079,Paid
CL0199,2024-11-21,7058.391521563079,Paid
CL0199,2024-12-21,7058.391521563079,Paid
CL0199,2025-01-20,7058.391521563079,Paid
CL0199,2025-02-19,7058.391521563079,Paid
CL0199,2025-03-21,7058.391521563079,Paid
CL0199,2025-04-20,7058.391521563079,Paid
CL0199,2025-05-20,7058.391521563079,Paid
CL0199,2025-06-19,7058.391521563079,Missing
CL0199,2025-07-19,7058.391521563079,Paid
CL0199,2025-08-18,7058.391521563079,Paid
CL0199,2025-09-17,7058.391521563079,Paid
CL0199,2025-10-17,7058.391521563079,Paid
CL0199,2025-11-16,7058.391521563079,Paid
CL0200,2023-01-01,44219.156276856935,Paid
CL0200,2023-01-31,44219.156276856935,Paid
CL0200,2023-03-02,44219.156276856935,Paid
CL0200,2023-04-01,44219.156276856935,Paid
CL0200,2023-05-01,44219.156276856935,Missing
CL0200,2023-05-31,44219.156276856935,Missing
CL0200,2023-06-30,44219.156276856935,Paid
CL0200,2023-07-30,44219.156276856935,Paid
CL0200,2023-08-29,44219.156276856935,Paid
CL0200,2023-09-28,44219.156276856935,Paid
CL0200,2023-10-28,44219.156276856935,Paid
CL0200,2023-11-27,44219.156276856935,Paid
CL0200,2023-12-27,44219.156276856935,Paid
CL0200,2024-01-26,44219.156276856935,Missing
CL0200,2024-02-25,44219.156276856935,Paid
CL0200,2024-03-26,44219.156276856935,Paid
CL0200,2024-04-25,44219.156276856935,Paid
CL0200,2024-05-25,44219.156276856935,Paid
CL0200,2024-06-24,44219.156276856935,Paid
CL0200,2024-07-24,44219.156276856935,Paid
CL0200,2024-08-23,44219.156276856935,Missing
CL0200,2024-09-22,44219.156276856935,Paid
CL0200,2024-10-22,44219.156276856935,Paid
CL0200,2024-11-21,44219.156276856935,Paid
CL0200,2024-12-21,44219.156276856935,Missing
CL0200,2025-01-20,44219.156276856935,Paid
CL0200,2025-02-19,44219.156276856935,Paid
CL0200,2025-03-21,44219.156276856935,Paid
CL0200,2025-04-20,44219.156276856935,Missing
CL0200,2025-05-20,44219.156276856935,Missing
CL0200,2025-06-19,44219.156276856935,Paid
CL0200,2025-07-19,44219.156276856935,Paid
CL0200,2025-08-18,44219.156276856935,Paid
CL0200,2025-09-17,44219.156276856935,Paid
CL0200,2025-10-17,44219.156276856935,Paid
CL0200,2025-11-16,44219.156276856935,Paid
